id,x,y,z,medido,desplaz
HD-1-0,659564.351,4331941.023,726.231,NO,0.0
HD-1-1,659570.333,4331941.009,725.986,NO,0.0
HD-10-0,659636.356,4331940.973,723.701,NO,0.0
HD-10-1,659642.35,4331940.965,723.516,NO,0.0
HD-100-0,660080.359,4331820.328,714.9,NO,0.0
HD-100-1,660086.35,4331820.339,714.924,NO,0.0
HD-101-0,660080.339,4331895.259,713.271,NO,0.0
HD-101-1,660086.35,4331895.221,713.183,NO,0.0
HD-102-0,660080.385,4331970.14,711.966,NO,0.0
HD-102-1,660086.384,4331970.145,711.926,NO,0.0
HD-103-0,660092.33,4331820.208,714.977,NO,0.0
HD-103-1,660098.319,4331820.279,714.98,NO,0.0
HD-104-0,660092.307,4331895.27,713.042,NO,0.0
HD-104-1,660098.301,4331895.238,712.934,NO,0.0
HD-105-0,660092.307,4331970.131,711.803,NO,0.0
HD-105-1,660098.304,4331970.142,711.751,NO,0.0
HD-106-0,660104.348,4331820.349,714.918,NO,0.0
HD-106-1,660110.36,4331820.343,714.942,NO,0.0
HD-107-0,660104.35,4331895.266,712.845,NO,0.0
HD-107-1,660110.356,4331895.268,712.806,NO,0.0
HD-108-0,660104.356,4331970.14,711.709,NO,0.0
HD-108-1,660110.346,4331970.164,711.624,NO,0.0
HD-109-0,660116.289,4331820.36,714.95,NO,0.0
HD-109-1,660122.31,4331820.329,714.945,NO,0.0
HD-11-0,659648.339,4331866.035,722.956,NO,0.0
HD-11-1,659654.313,4331866.05,722.783,NO,0.0
HD-110-0,660116.299,4331895.218,712.751,NO,0.0
HD-110-1,660122.306,4331895.224,712.773,NO,0.0
HD-111-0,660116.313,4331970.125,711.484,NO,0.0
HD-111-1,660122.311,4331970.151,711.471,NO,0.0
HD-112-0,660128.353,4331820.346,714.957,NO,0.0
HD-112-1,660134.343,4331820.32,714.961,NO,0.0
HD-113-0,660128.345,4331895.171,712.692,NO,0.0
HD-113-1,660134.345,4331895.186,712.605,NO,0.0
HD-114-0,660128.378,4331970.059,711.412,NO,0.0
HD-114-1,660134.371,4331970.088,711.373,NO,0.0
HD-115-0,660140.277,4331820.371,714.997,NO,0.0
HD-115-1,660146.284,4331820.3,715.108,NO,0.0
HD-116-0,660140.284,4331895.247,712.527,NO,0.0
HD-116-1,660146.306,4331895.223,712.478,NO,0.0
HD-117-0,660140.313,4331970.136,711.301,NO,0.0
HD-117-1,660146.311,4331970.139,711.191,NO,0.0
HD-118-0,660152.319,4331820.351,715.202,NO,0.0
HD-118-1,660158.313,4331820.299,715.329,NO,0.0
HD-119-0,660152.326,4331895.208,712.44,NO,0.0
HD-119-1,660158.323,4331895.249,712.526,NO,0.0
HD-12-0,659648.325,4331941.013,723.318,NO,0.0
HD-12-1,659654.309,4331940.963,723.077,NO,0.0
HD-120-0,660152.327,4331970.121,711.119,NO,0.0
HD-120-1,660158.322,4331970.138,711.09,NO,0.0
HD-121-0,660164.302,4331794.579,716.304,NO,0.0
HD-121-1,660170.311,4331794.553,716.375,NO,0.0
HD-122-0,660164.278,4331924.695,711.503,NO,0.0
HD-122-1,660170.311,4331924.694,711.369,NO,0.0
HD-123-0,660164.321,4331990.406,711.019,NO,0.0
HD-123-1,660170.329,4331990.374,711.015,NO,0.0
HD-124-0,660176.338,4331794.588,716.405,NO,0.0
HD-124-1,660182.356,4331794.568,716.451,NO,0.0
HD-125-0,660176.37,4331924.731,711.317,NO,0.0
HD-125-1,660182.34,4331924.69,711.251,NO,0.0
HD-126-0,660176.337,4331990.384,711.026,NO,0.0
HD-126-1,660182.371,4331990.364,711.038,NO,0.0
HD-127-0,660188.328,4331924.708,711.141,NO,0.0
HD-127-1,660194.297,4331924.737,711.08,NO,0.0
HD-128-0,660188.295,4331990.41,710.982,NO,0.0
HD-128-1,660194.279,4331990.398,710.881,NO,0.0
HD-129-0,660200.357,4331924.709,711.014,NO,0.0
HD-129-1,660206.367,4331924.72,710.857,NO,0.0
HD-13-0,659660.329,4331866.052,722.562,NO,0.0
HD-13-1,659666.312,4331866.026,722.37,NO,0.0
HD-130-0,660200.394,4331990.41,710.878,NO,0.0
HD-130-1,660206.367,4331990.348,710.74,NO,0.0
HD-131-0,660212.284,4331876.817,712.412,NO,0.0
HD-131-1,660218.319,4331876.859,712.247,NO,0.0
HD-132-0,660212.312,4331951.741,710.424,NO,0.0
HD-132-1,660218.333,4331951.745,710.351,NO,0.0
HD-133-0,660224.284,4331876.86,712.18,NO,0.0
HD-133-1,660230.306,4331876.862,712.109,NO,0.0
HD-134-0,660224.38,4331951.726,710.289,NO,0.0
HD-134-1,660230.368,4331951.757,710.23,NO,0.0
HD-135-0,660236.304,4331801.819,715.156,NO,0.0
HD-135-1,660242.317,4331801.85,715.092,NO,0.0
HD-136-0,660236.341,4331876.664,711.858,SI,-0.235
HD-136-1,660242.354,4331876.85,711.742,SI,-0.309
HD-137-0,660236.346,4331951.918,710.222,NO,0.0
HD-137-1,660242.346,4331951.954,710.207,NO,0.0
HD-138-0,660248.302,4331801.84,714.959,NO,0.0
HD-138-1,660254.336,4331801.855,714.808,NO,0.0
HD-139-0,660248.296,4331876.769,712.007,NO,0.0
HD-139-1,660254.294,4331876.783,711.948,NO,0.0
HD-14-0,659660.345,4331940.974,722.757,NO,0.0
HD-14-1,659666.329,4331940.971,722.503,NO,0.0
HD-140-0,660248.313,4331951.718,710.129,NO,0.0
HD-140-1,660254.304,4331951.723,710.093,NO,0.0
HD-141-0,660260.346,4331801.851,714.68,NO,0.0
HD-141-1,660266.329,4331801.864,714.586,NO,0.0
HD-142-0,660260.363,4331876.8,711.833,NO,0.0
HD-142-1,660266.367,4331876.803,711.737,NO,0.0
HD-143-0,660260.363,4331951.65,709.993,NO,0.0
HD-143-1,660266.361,4331951.648,709.924,NO,0.0
HD-144-0,660272.318,4331801.86,714.39,NO,0.0
HD-144-1,660278.319,4331801.83,714.288,NO,0.0
HD-145-0,660272.314,4331876.797,711.653,NO,0.0
HD-145-1,660278.301,4331876.782,711.583,NO,0.0
HD-146-0,660272.314,4331951.705,709.888,NO,0.0
HD-146-1,660278.329,4331951.69,709.8,NO,0.0
HD-147-0,660284.298,4331801.85,714.1,NO,0.0
HD-147-1,660290.299,4331801.759,713.996,NO,0.0
HD-148-0,660284.301,4331876.77,711.459,NO,0.0
HD-148-1,660290.288,4331876.785,711.427,NO,0.0
HD-149-0,660284.384,4331951.643,709.89,NO,0.0
HD-149-1,660290.357,4331951.644,709.82,NO,0.0
HD-15-0,659672.299,4331866.031,722.158,NO,0.0
HD-15-1,659678.309,4331865.997,721.953,NO,0.0
HD-150-0,660296.355,4331792.616,714.245,NO,0.0
HD-150-1,660302.361,4331792.593,714.218,NO,0.0
HD-151-0,660296.338,4331858.343,711.972,NO,0.0
HD-151-1,660302.354,4331858.312,711.929,NO,0.0
HD-152-0,660296.365,4331933.225,710.007,NO,0.0
HD-152-1,660302.338,4331933.213,709.935,NO,0.0
HD-153-0,660308.379,4331792.593,714.122,NO,0.0
HD-153-1,660314.395,4331792.638,714.086,NO,0.0
HD-154-0,660308.366,4331858.377,711.858,NO,0.0
HD-154-1,660314.343,4331858.307,711.891,NO,0.0
HD-155-0,660308.36,4331933.2,709.941,NO,0.0
HD-155-1,660314.359,4331933.232,709.865,NO,0.0
HD-156-0,660320.339,4331826.435,712.921,NO,0.0
HD-156-1,660326.338,4331826.396,712.875,NO,0.0
HD-16-0,659672.371,4331940.961,722.202,NO,0.0
HD-16-1,659678.352,4331941.027,721.982,NO,0.0
HD-17-0,659684.308,4331861.042,721.838,NO,0.0
HD-17-1,659690.312,4331861.073,721.573,NO,0.0
HD-18-0,659684.315,4331935.997,721.824,NO,0.0
HD-18-1,659690.333,4331935.993,721.546,NO,0.0
HD-19-0,659696.303,4331861.087,721.182,NO,0.0
HD-19-1,659702.299,4331861.066,720.931,NO,0.0
HD-2-0,659576.355,4331941.039,725.776,NO,0.0
HD-2-1,659582.356,4331941.024,725.569,NO,0.0
HD-20-0,659696.309,4331936.019,721.318,NO,0.0
HD-20-1,659702.311,4331935.994,721.095,NO,0.0
HD-21-0,659708.312,4331861.104,720.712,NO,0.0
HD-21-1,659714.289,4331861.099,720.527,NO,0.0
HD-22-0,659708.34,4331936.029,720.825,NO,0.0
HD-22-1,659714.309,4331936.005,720.615,NO,0.0
HD-23-0,659720.311,4331861.08,720.338,NO,0.0
HD-23-1,659726.313,4331861.053,720.173,NO,0.0
HD-24-0,659720.319,4331935.997,720.339,NO,0.0
HD-24-1,659726.305,4331935.999,720.163,NO,0.0
HD-25-0,659732.33,4331861.049,720.098,NO,0.0
HD-25-1,659738.319,4331861.035,719.989,NO,0.0
HD-26-0,659732.319,4331935.955,719.984,NO,0.0
HD-26-1,659738.314,4331935.95,719.726,NO,0.0
HD-27-0,659744.32,4331861.046,719.859,NO,0.0
HD-27-1,659750.314,4331861.038,719.717,NO,0.0
HD-28-0,659744.314,4331935.99,719.464,NO,0.0
HD-28-1,659750.308,4331935.945,719.134,NO,0.0
HD-29-0,659756.306,4331861.037,719.686,NO,0.0
HD-29-1,659762.312,4331861.045,719.639,NO,0.0
HD-3-0,659588.351,4331940.999,725.406,NO,0.0
HD-3-1,659594.349,4331941.036,725.195,NO,0.0
HD-30-0,659756.332,4331935.934,718.921,NO,0.0
HD-30-1,659762.3,4331935.988,718.709,NO,0.0
HD-31-0,659768.292,4331861.064,719.514,NO,0.0
HD-31-1,659774.319,4331861.06,719.433,NO,0.0
HD-32-0,659768.275,4331935.987,718.565,NO,0.0
HD-32-1,659774.328,4331935.935,718.37,NO,0.0
HD-33-0,659780.359,4331861.064,719.359,NO,0.0
HD-33-1,659786.36,4331861.059,719.196,NO,0.0
HD-34-0,659780.372,4331935.972,718.243,NO,0.0
HD-34-1,659786.366,4331935.954,718.102,NO,0.0
HD-35-0,659792.362,4331861.057,719.142,NO,0.0
HD-35-1,659798.357,4331861.064,719.016,NO,0.0
HD-36-0,659792.35,4331935.992,717.888,NO,0.0
HD-36-1,659798.333,4331935.964,717.714,NO,0.0
HD-37-0,659804.307,4331841.093,719.438,NO,0.0
HD-37-1,659810.315,4331841.076,719.336,NO,0.0
HD-38-0,659804.356,4331897.556,718.207,NO,0.0
HD-38-1,659810.364,4331897.524,718.14,NO,0.0
HD-39-0,659816.369,4331841.103,718.981,SI,-0.439
HD-39-1,659822.352,4331841.117,718.969,SI,-0.334
HD-4-0,659600.359,4331941.021,725.031,NO,0.0
HD-4-1,659606.346,4331941.026,724.847,NO,0.0
HD-40-0,659816.366,4331897.775,718.136,NO,0.0
HD-40-1,659822.351,4331897.809,718.129,NO,0.0
HD-41-0,659828.308,4331819.357,719.791,NO,0.0
HD-41-1,659834.321,4331819.367,719.746,NO,0.0
HD-42-0,659828.365,4331875.772,718.232,NO,0.0
HD-42-1,659834.375,4331875.805,718.131,NO,0.0
HD-43-0,659840.333,4331810.275,720.128,NO,0.0
HD-43-1,659846.32,4331810.086,720.01,NO,0.0
HD-44-0,659840.342,4331972.321,715.868,NO,0.0
HD-44-1,659846.34,4331972.279,715.775,NO,0.0
HD-45-0,659852.382,4331810.112,719.959,NO,0.0
HD-45-1,659858.36,4331810.089,719.913,NO,0.0
HD-46-0,659852.383,4331972.323,715.718,NO,0.0
HD-46-1,659858.37,4331972.297,715.648,NO,0.0
HD-47-0,659864.374,4331810.073,719.853,NO,0.0
HD-47-1,659870.333,4331810.132,719.833,NO,0.0
HD-48-0,659864.355,4331953.934,715.952,NO,0.0
HD-48-1,659870.34,4331953.953,715.946,NO,0.0
HD-49-0,659876.373,4331810.089,719.761,NO,0.0
HD-49-1,659882.378,4331810.059,719.741,NO,0.0
HD-5-0,659612.329,4331866.015,724.301,NO,0.0
HD-5-1,659618.328,4331866.019,724.185,NO,0.0
HD-50-0,659876.306,4331888.155,716.886,NO,0.0
HD-50-1,659882.305,4331888.13,716.842,NO,0.0
HD-51-0,659876.33,4331953.889,715.837,NO,0.0
HD-51-1,659882.306,4331953.825,715.841,NO,0.0
HD-52-0,659888.294,4331888.173,716.817,NO,0.0
HD-52-1,659894.318,4331888.146,716.736,NO,0.0
HD-53-0,659888.336,4331953.868,715.723,NO,0.0
HD-53-1,659894.341,4331953.835,715.604,NO,0.0
HD-54-0,659900.326,4331895.218,716.577,NO,0.0
HD-54-1,659906.323,4331895.237,716.476,NO,0.0
HD-55-0,659900.371,4331951.716,715.587,NO,0.0
HD-55-1,659906.339,4331951.745,715.455,NO,0.0
HD-56-0,659912.31,4331820.32,718.423,NO,0.0
HD-56-1,659918.304,4331820.318,718.293,NO,0.0
HD-57-0,659912.344,4331895.167,716.239,SI,-0.233
HD-57-1,659918.343,4331895.235,716.088,SI,-0.343
HD-58-0,659912.343,4331951.939,715.381,NO,0.0
HD-58-1,659918.357,4331951.954,715.195,NO,0.0
HD-59-0,659924.319,4331820.323,718.075,NO,0.0
HD-59-1,659930.342,4331820.321,717.997,NO,0.0
HD-6-0,659612.374,4331941.009,724.604,NO,0.0
HD-6-1,659618.384,4331940.976,724.449,NO,0.0
HD-60-0,659924.326,4331895.235,716.048,SI,-0.075
HD-60-1,659930.324,4331895.298,715.931,SI,-0.127
HD-61-0,659924.293,4331970.251,714.502,SI,0.116
HD-61-1,659930.301,4331970.465,714.196,SI,-0.013
HD-62-0,659936.322,4331820.315,717.967,NO,0.0
HD-62-1,659942.326,4331820.349,718.006,NO,0.0
HD-63-0,659936.316,4331895.226,716.003,NO,0.0
HD-63-1,659942.289,4331895.253,715.896,NO,0.0
HD-64-0,659936.275,4331970.153,714.088,NO,0.0
HD-64-1,659942.289,4331970.156,713.964,NO,0.0
HD-65-0,659948.305,4331820.288,717.776,NO,0.0
HD-65-1,659954.311,4331820.284,717.639,NO,0.0
HD-66-0,659948.343,4331895.275,715.881,NO,0.0
HD-66-1,659954.304,4331895.271,715.795,NO,0.0
HD-67-0,659948.324,4331970.167,713.847,NO,0.0
HD-67-1,659954.303,4331970.142,713.774,NO,0.0
HD-68-0,659960.379,4331820.293,717.827,NO,0.0
HD-68-1,659966.356,4331820.308,717.685,NO,0.0
HD-69-0,659960.344,4331895.262,715.781,NO,0.0
HD-69-1,659966.349,4331895.232,715.794,NO,0.0
HD-7-0,659624.337,4331866.042,723.888,NO,0.0
HD-7-1,659630.323,4331866.054,723.646,NO,0.0
HD-70-0,659960.36,4331970.155,713.65,NO,0.0
HD-70-1,659966.352,4331970.162,713.64,NO,0.0
HD-71-0,659972.316,4331795.293,717.585,NO,0.0
HD-71-1,659978.324,4331795.302,717.484,NO,0.0
HD-72-0,659972.295,4331870.174,716.303,SI,0.062
HD-72-1,659978.308,4331870.303,716.243,SI,0.06
HD-73-0,659972.291,4331945.439,714.139,NO,0.0
HD-73-1,659978.285,4331945.379,714.063,NO,0.0
HD-74-0,659972.289,4332001.905,712.688,NO,0.0
HD-74-1,659978.311,4332001.938,712.613,NO,0.0
HD-75-0,659984.306,4331795.302,717.313,NO,0.0
HD-75-1,659990.291,4331795.272,717.107,NO,0.0
HD-76-0,659984.314,4331870.186,716.13,SI,0.137
HD-76-1,659990.313,4331870.296,715.933,SI,0.062
HD-77-0,659984.308,4331945.437,713.966,NO,0.0
HD-77-1,659990.285,4331945.42,713.87,NO,0.0
HD-78-0,659984.31,4332001.919,712.528,NO,0.0
HD-78-1,659990.312,4332001.9,712.412,NO,0.0
HD-79-0,659996.295,4331786.068,716.98,NO,0.0
HD-79-1,660002.304,4331786.057,716.839,NO,0.0
HD-8-0,659624.341,4331940.966,724.201,NO,0.0
HD-8-1,659630.35,4331940.989,723.955,NO,0.0
HD-80-0,659996.355,4331851.702,716.321,SI,0.143
HD-80-1,660002.361,4331851.814,716.084,SI,0.022
HD-81-0,659996.378,4331927.002,714.446,NO,0.0
HD-81-1,660002.375,4331926.957,714.41,NO,0.0
HD-82-0,659996.324,4332001.884,712.522,NO,0.0
HD-82-1,660002.347,4332001.843,712.454,NO,0.0
HD-83-0,660008.346,4331786.101,716.649,NO,0.0
HD-83-1,660014.338,4331786.095,716.466,NO,0.0
HD-84-0,660008.375,4331851.721,715.915,SI,0.017
HD-84-1,660014.371,4331851.824,715.695,SI,-0.04
HD-85-0,660008.331,4331926.969,714.229,NO,0.0
HD-85-1,660014.336,4331926.95,714.051,NO,0.0
HD-86-0,660008.329,4332001.843,712.358,NO,0.0
HD-86-1,660014.318,4332001.884,712.273,NO,0.0
HD-87-0,660020.358,4331795.346,716.253,NO,0.0
HD-87-1,660026.361,4331795.275,716.191,NO,0.0
HD-88-0,660020.348,4331870.257,715.117,NO,0.0
HD-88-1,660026.355,4331870.291,715.004,NO,0.0
HD-89-0,660020.352,4331926.669,714.321,NO,0.0
HD-89-1,660026.331,4331926.643,714.076,NO,0.0
HD-9-0,659636.333,4331866.06,723.359,NO,0.0
HD-9-1,659642.322,4331866.032,723.194,NO,0.0
HD-90-0,660032.368,4331795.336,716.002,NO,0.0
HD-90-1,660038.358,4331795.265,715.896,NO,0.0
HD-91-0,660032.345,4331870.213,714.992,NO,0.0
HD-91-1,660038.361,4331870.231,714.829,NO,0.0
HD-92-0,660044.332,4331795.318,715.751,NO,0.0
HD-92-1,660050.345,4331795.311,715.679,NO,0.0
HD-93-0,660044.368,4331870.227,714.728,NO,0.0
HD-93-1,660050.37,4331870.189,714.493,NO,0.0
HD-94-0,660056.321,4331838.736,714.673,NO,0.0
HD-94-1,660062.323,4331838.695,714.584,NO,0.0
HD-95-0,660056.329,4331913.685,713.409,NO,0.0
HD-95-1,660062.324,4331913.658,713.228,NO,0.0
HD-96-0,660056.316,4331988.612,711.993,NO,0.0
HD-96-1,660062.337,4331988.609,711.832,NO,0.0
HD-97-0,660068.307,4331838.788,714.445,NO,0.0
HD-97-1,660074.316,4331838.78,714.369,NO,0.0
HD-98-0,660068.305,4331913.721,713.131,NO,0.0
HD-98-1,660074.276,4331913.703,713.06,NO,0.0
HD-99-0,660068.382,4331988.605,711.852,NO,0.0
HD-99-1,660074.355,4331988.616,711.77,NO,0.0
PD-1-0,657843.114,4330415.66,787.322,NO,0.0
PD-1-1,657849.103,4330415.728,786.987,NO,0.0
PD-10-0,657915.084,4330445.667,784.855,NO,0.0
PD-10-1,657921.101,4330445.622,784.771,NO,0.0
PD-100-0,658155.11,4331085.314,766.447,NO,0.0
PD-100-1,658161.096,4331085.317,766.73,NO,0.0
PD-101-0,658155.079,4331160.815,762.982,NO,0.0
PD-101-1,658161.084,4331160.902,763.15,NO,0.0
PD-102-0,658155.029,4331235.744,759.82,NO,0.0
PD-102-1,658161.036,4331235.662,759.872,NO,0.0
PD-103-0,658167.109,4330675.017,779.239,NO,0.0
PD-103-1,658173.1,4330674.918,779.171,NO,0.0
PD-104-0,658179.127,4330209.031,794.46,NO,0.0
PD-104-1,658185.132,4330209.024,794.27,NO,0.0
PD-105-0,658179.173,4330265.531,791.899,NO,0.0
PD-105-1,658185.177,4330265.531,791.814,NO,0.0
PD-106-0,658167.074,4330865.197,775.708,NO,0.0
PD-106-1,658173.095,4330865.199,775.625,NO,0.0
PD-107-0,658179.125,4330340.527,787.098,NO,0.0
PD-107-1,658185.132,4330340.486,787.127,NO,0.0
PD-108-0,658167.057,4330945.728,773.84,NO,0.0
PD-108-1,658173.045,4330945.707,773.735,NO,0.0
PD-109-0,658167.079,4331076.127,767.513,NO,0.0
PD-109-1,658173.062,4331076.162,767.712,NO,0.0
PD-11-0,657927.074,4330370.742,785.873,NO,0.0
PD-11-1,657933.096,4330370.678,785.76,NO,0.0
PD-110-0,658167.003,4331208.377,761.067,NO,0.0
PD-110-1,658173.023,4331208.383,761.159,NO,0.0
PD-111-0,658166.962,4331274.133,758.637,NO,0.0
PD-111-1,658172.998,4331274.082,758.65,NO,0.0
PD-112-0,658179.046,4330681.649,778.951,NO,0.0
PD-112-1,658185.07,4330681.644,778.887,NO,0.0
PD-113-0,658191.117,4330227.484,793.753,NO,0.0
PD-113-1,658197.137,4330227.478,793.673,NO,0.0
PD-114-0,658179.107,4330862.221,775.582,NO,0.0
PD-114-1,658185.102,4330862.201,775.466,NO,0.0
PD-115-0,658191.091,4330283.985,790.771,NO,0.0
PD-115-1,658197.201,4330283.975,790.7,NO,0.0
PD-116-0,658191.167,4330349.713,786.433,NO,0.0
PD-116-1,658197.143,4330349.689,786.35,NO,0.0
PD-117-0,658179.084,4330945.714,773.699,NO,0.0
PD-117-1,658185.114,4330945.64,773.691,NO,0.0
PD-118-0,658179.097,4331076.168,767.957,NO,0.0
PD-118-1,658185.08,4331076.146,768.118,NO,0.0
PD-119-0,658179.09,4331208.39,761.264,NO,0.0
PD-119-1,658185.079,4331208.384,761.369,NO,0.0
PD-12-0,657927.094,4330445.681,784.677,NO,0.0
PD-12-1,657933.092,4330445.647,784.6,NO,0.0
PD-120-0,658179.071,4331274.089,758.68,NO,0.0
PD-120-1,658185.044,4331274.099,758.7,NO,0.0
PD-121-0,658191.073,4330681.785,778.774,NO,0.0
PD-121-1,658197.078,4330681.658,778.782,NO,0.0
PD-122-0,658191.049,4330786.311,777.077,NO,0.0
PD-122-1,658197.055,4330786.246,777.018,NO,0.0
PD-123-0,658203.122,4330227.434,793.281,NO,0.0
PD-123-1,658209.157,4330227.491,793.065,NO,0.0
PD-124-0,658191.145,4330859.215,775.405,NO,0.0
PD-124-1,658197.09,4330859.158,775.381,NO,0.0
PD-125-0,658203.13,4330283.986,790.699,NO,0.0
PD-125-1,658209.15,4330284.001,790.55,NO,0.0
PD-126-0,658168.491,4331999.587,742.527,NO,0.0
PD-126-1,658174.479,4331999.538,742.605,NO,0.0
PD-127-0,658191.134,4330942.763,773.534,NO,0.0
PD-127-1,658197.142,4330942.752,773.553,NO,0.0
PD-128-0,658203.148,4330349.696,786.338,NO,0.0
PD-128-1,658209.141,4330349.711,786.266,NO,0.0
PD-129-0,658168.527,4332074.515,740.876,NO,0.0
PD-129-1,658174.489,4332074.468,740.997,NO,0.0
PD-13-0,657939.155,4330370.766,785.707,NO,0.0
PD-13-1,657945.153,4330370.739,785.593,NO,0.0
PD-130-0,658191.049,4331047.14,769.451,NO,0.0
PD-130-1,658197.045,4331047.169,769.567,NO,0.0
PD-131-0,658191.091,4331094.448,767.556,NO,0.0
PD-131-1,658197.064,4331094.457,767.787,NO,0.0
PD-132-0,658191.032,4331217.637,761.002,NO,0.0
PD-132-1,658197.042,4331217.597,761.179,NO,0.0
PD-133-0,658203.096,4330680.2,778.748,NO,0.0
PD-133-1,658209.103,4330680.185,778.675,NO,0.0
PD-134-0,658191.027,4331292.575,758.192,NO,0.0
PD-134-1,658197.037,4331292.553,758.169,NO,0.0
PD-135-0,658203.113,4330786.25,776.995,NO,0.0
PD-135-1,658209.115,4330786.191,776.976,NO,0.0
PD-136-0,658215.076,4330265.575,791.409,NO,0.0
PD-136-1,658221.068,4330265.543,791.228,NO,0.0
PD-137-0,658180.475,4331999.562,742.651,NO,0.0
PD-137-1,658186.511,4331999.537,742.749,NO,0.0
PD-138-0,658215.132,4330340.446,787.006,NO,0.0
PD-138-1,658221.144,4330340.412,786.948,NO,0.0
PD-139-0,658203.075,4330939.808,773.503,NO,0.0
PD-139-1,658209.13,4330939.694,773.502,NO,0.0
PD-14-0,657939.151,4330445.643,784.49,NO,0.0
PD-14-1,657945.145,4330445.652,784.432,NO,0.0
PD-140-0,658180.502,4332074.492,741.049,NO,0.0
PD-140-1,658186.488,4332074.488,741.161,NO,0.0
PD-141-0,658177.975,4332202.168,738.506,NO,0.0
PD-141-1,658183.964,4332202.079,738.422,NO,0.0
PD-142-0,658203.07,4331021.632,770.59,NO,0.0
PD-142-1,658209.069,4331021.647,770.675,NO,0.0
PD-143-0,658177.991,4332277.075,736.892,NO,0.0
PD-143-1,658184.003,4332277.023,736.817,NO,0.0
PD-144-0,658203.09,4331094.533,767.817,NO,0.0
PD-144-1,658209.118,4331094.409,767.933,NO,0.0
PD-145-0,658203.03,4331160.86,764.333,NO,0.0
PD-145-1,658209.031,4331160.818,764.435,NO,0.0
PD-146-0,658203.018,4331235.688,760.364,NO,0.0
PD-146-1,658209.029,4331235.712,760.46,NO,0.0
PD-147-0,658215.124,4330677.195,778.674,NO,0.0
PD-147-1,658221.115,4330677.16,778.557,NO,0.0
PD-148-0,658203.012,4331310.655,757.646,NO,0.0
PD-148-1,658209.059,4331310.629,757.618,NO,0.0
PD-149-0,658215.054,4330755.894,777.639,NO,0.0
PD-149-1,658221.049,4330755.886,777.619,NO,0.0
PD-15-0,657951.118,4330281.807,789.327,NO,0.0
PD-15-1,657957.091,4330281.782,789.337,NO,0.0
PD-150-0,658227.104,4330273.413,790.636,NO,0.0
PD-150-1,658233.139,4330273.398,790.566,NO,0.0
PD-151-0,658192.564,4331999.544,742.791,NO,0.0
PD-151-1,658198.575,4331999.541,742.686,NO,0.0
PD-152-0,658227.104,4330339.119,786.941,NO,0.0
PD-152-1,658233.083,4330339.082,786.857,NO,0.0
PD-153-0,658215.091,4330955.145,773.182,NO,0.0
PD-153-1,658221.125,4330955.151,773.073,NO,0.0
PD-154-0,658192.549,4332074.478,741.404,NO,0.0
PD-154-1,658198.557,4332074.478,741.385,NO,0.0
PD-155-0,658189.966,4332202.146,738.398,NO,0.0
PD-155-1,658195.975,4332202.115,738.444,NO,0.0
PD-156-0,658215.098,4331021.636,770.722,NO,0.0
PD-156-1,658221.099,4331021.643,770.722,NO,0.0
PD-157-0,658189.985,4332277.075,736.788,NO,0.0
PD-157-1,658195.96,4332277.058,736.753,NO,0.0
PD-158-0,658215.102,4331094.566,767.952,NO,0.0
PD-158-1,658221.1,4331094.473,768.048,NO,0.0
PD-159-0,658215.035,4331160.843,764.518,NO,0.0
PD-159-1,658221.012,4331160.837,764.582,NO,0.0
PD-16-0,657951.14,4330370.735,785.468,NO,0.0
PD-16-1,657957.152,4330370.77,785.361,NO,0.0
PD-160-0,658215.042,4331235.72,760.581,NO,0.0
PD-160-1,658221.025,4331235.746,760.62,NO,0.0
PD-161-0,658227.101,4330674.202,778.554,NO,0.0
PD-161-1,658233.12,4330674.195,778.537,NO,0.0
PD-162-0,658215.058,4331310.672,757.613,NO,0.0
PD-162-1,658221.057,4331310.639,757.667,NO,0.0
PD-163-0,658227.074,4330755.902,777.409,NO,0.0
PD-163-1,658233.105,4330755.87,777.333,NO,0.0
PD-164-0,658239.133,4330273.338,790.656,NO,0.0
PD-164-1,658245.127,4330273.403,790.485,NO,0.0
PD-165-0,658204.483,4332017.657,742.193,NO,0.0
PD-165-1,658210.474,4332017.651,742.016,NO,0.0
PD-166-0,658239.117,4330329.895,787.279,NO,0.0
PD-166-1,658245.142,4330329.855,787.35,NO,0.0
PD-167-0,658201.985,4332202.123,738.465,NO,0.0
PD-167-1,658208.001,4332202.117,738.565,NO,0.0
PD-168-0,658201.997,4332277.064,736.667,NO,0.0
PD-168-1,658208.021,4332277.04,736.659,NO,0.0
PD-169-0,658227.087,4331094.548,768.082,NO,0.0
PD-169-1,658233.089,4331094.488,768.068,NO,0.0
PD-17-0,657951.142,4330445.627,784.337,NO,0.0
PD-17-1,657957.143,4330445.633,784.351,NO,0.0
PD-170-0,658227.038,4331160.857,764.744,NO,0.0
PD-170-1,658233.042,4331160.833,764.787,NO,0.0
PD-171-0,658227.107,4331235.792,760.673,NO,0.0
PD-171-1,658233.113,4331235.696,760.788,NO,0.0
PD-172-0,658227.079,4331310.634,757.634,NO,0.0
PD-172-1,658233.101,4331310.669,757.64,NO,0.0
PD-173-0,658239.079,4330755.904,777.279,NO,0.0
PD-173-1,658245.103,4330755.828,777.184,NO,0.0
PD-174-0,658239.083,4330849.269,775.064,NO,0.0
PD-174-1,658245.083,4330849.212,774.977,NO,0.0
PD-175-0,658251.157,4330273.439,790.304,NO,0.0
PD-175-1,658257.141,4330273.417,790.051,NO,0.0
PD-176-0,658216.534,4332017.697,741.666,NO,0.0
PD-176-1,658222.545,4332017.673,741.311,NO,0.0
PD-177-0,658251.111,4330329.922,787.309,NO,0.0
PD-177-1,658257.14,4330329.91,787.19,NO,0.0
PD-178-0,658214.018,4332202.129,738.632,NO,0.0
PD-178-1,658220.019,4332202.134,738.524,NO,0.0
PD-179-0,658214.025,4332277.062,736.629,NO,0.0
PD-179-1,658220.025,4332277.09,736.561,NO,0.0
PD-18-0,657952.028,4330525.703,783.485,NO,0.0
PD-18-1,657958.051,4330525.724,783.461,NO,0.0
PD-180-0,658207.73,4332599.478,735.633,NO,0.0
PD-180-1,658213.748,4332599.457,735.59,NO,0.0
PD-181-0,658207.735,4332665.223,737.712,NO,0.0
PD-181-1,658213.758,4332665.2,737.63,NO,0.0
PD-182-0,658239.073,4331160.862,764.795,NO,0.0
PD-182-1,658245.068,4331160.836,764.861,NO,0.0
PD-183-0,658207.736,4332748.821,740.164,NO,0.0
PD-183-1,658213.753,4332748.803,740.084,NO,0.0
PD-184-0,658239.124,4331235.865,760.87,NO,0.0
PD-184-1,658245.133,4331235.751,760.972,NO,0.0
PD-185-0,658207.751,4332805.307,741.773,NO,0.0
PD-185-1,658213.767,4332805.238,741.774,NO,0.0
PD-186-0,658239.083,4331310.693,757.622,NO,0.0
PD-186-1,658245.089,4331310.675,757.636,NO,0.0
PD-187-0,658251.115,4330755.873,777.139,NO,0.0
PD-187-1,658257.092,4330755.884,777.072,NO,0.0
PD-188-0,658251.123,4330846.238,775.098,NO,0.0
PD-188-1,658257.079,4330846.2,775.029,NO,0.0
PD-189-0,658263.154,4330291.823,788.941,NO,0.0
PD-189-1,658269.16,4330291.821,788.792,NO,0.0
PD-19-0,657963.107,4330272.525,789.743,NO,0.0
PD-19-1,657969.1,4330272.481,789.744,NO,0.0
PD-190-0,658263.132,4330339.11,786.531,NO,0.0
PD-190-1,658269.137,4330339.079,786.435,NO,0.0
PD-191-0,658251.112,4330935.139,772.757,NO,0.0
PD-191-1,658257.103,4330935.128,772.611,NO,0.0
PD-192-0,658226.052,4332202.14,738.398,NO,0.0
PD-192-1,658232.036,4332202.113,738.308,NO,0.0
PD-193-0,658251.053,4331030.071,770.357,NO,0.0
PD-193-1,658257.074,4331030.033,770.333,NO,0.0
PD-194-0,658226.039,4332277.087,736.483,NO,0.0
PD-194-1,658232.025,4332277.05,736.419,NO,0.0
PD-195-0,658219.796,4332599.511,735.613,NO,0.0
PD-195-1,658225.775,4332599.398,735.606,NO,0.0
PD-196-0,658251.057,4331086.463,768.391,NO,0.0
PD-196-1,658257.076,4331086.437,768.402,NO,0.0
PD-197-0,658219.823,4332665.224,737.611,NO,0.0
PD-197-1,658225.788,4332665.18,737.547,NO,0.0
PD-198-0,658251.05,4331160.848,764.947,NO,0.0
PD-198-1,658257.043,4331160.802,764.976,NO,0.0
PD-199-0,658219.754,4332748.8,740.072,NO,0.0
PD-199-1,658225.739,4332748.664,740.189,NO,0.0
PD-2-0,657855.107,4330415.34,786.762,NO,0.0
PD-2-1,657861.098,4330415.317,786.597,NO,0.0
PD-20-0,657963.146,4330370.862,785.353,NO,0.0
PD-20-1,657969.153,4330370.846,785.224,NO,0.0
PD-200-0,658251.077,4331235.707,761.079,NO,0.0
PD-200-1,658257.079,4331235.736,761.127,NO,0.0
PD-201-0,658263.062,4330665.384,778.617,NO,0.0
PD-201-1,658269.107,4330665.413,778.608,NO,0.0
PD-202-0,658219.725,4332823.78,742.26,NO,0.0
PD-202-1,658225.753,4332823.708,742.228,NO,0.0
PD-203-0,658219.735,4332898.684,744.391,NO,0.0
PD-203-1,658225.763,4332898.624,744.315,NO,0.0
PD-204-0,658263.128,4330755.885,777.015,NO,0.0
PD-204-1,658269.141,4330755.806,776.953,NO,0.0
PD-205-0,658263.105,4330852.447,774.819,NO,0.0
PD-205-1,658269.108,4330852.468,774.789,NO,0.0
PD-206-0,658275.104,4330329.907,786.717,NO,0.0
PD-206-1,658281.209,4330329.915,786.557,NO,0.0
PD-207-0,658263.086,4330932.152,772.466,NO,0.0
PD-207-1,658269.08,4330932.082,772.376,NO,0.0
PD-208-0,658238.002,4332188.457,738.463,NO,0.0
PD-208-1,658243.998,4332188.471,738.416,NO,0.0
PD-209-0,658237.971,4332263.404,736.754,NO,0.0
PD-209-1,658244.009,4332263.429,736.682,NO,0.0
PD-21-0,657964.051,4330521.403,783.547,NO,0.0
PD-21-1,657970.054,4330521.431,783.552,NO,0.0
PD-210-0,658263.113,4331030.003,770.213,NO,0.0
PD-210-1,658269.096,4331030.021,770.213,NO,0.0
PD-211-0,658263.056,4331086.466,768.346,NO,0.0
PD-211-1,658269.059,4331086.48,768.313,NO,0.0
PD-212-0,658237.976,4332338.337,734.626,NO,0.0
PD-212-1,658243.954,4332338.342,734.543,NO,0.0
PD-213-0,658231.753,4332674.434,737.667,NO,0.0
PD-213-1,658237.774,4332674.385,737.698,NO,0.0
PD-214-0,658263.052,4331151.61,765.509,NO,0.0
PD-214-1,658269.054,4331151.606,765.529,NO,0.0
PD-215-0,658231.741,4332748.806,740.034,NO,0.0
PD-215-1,658237.74,4332748.776,739.99,NO,0.0
PD-216-0,658263.071,4331217.32,762.221,NO,0.0
PD-216-1,658269.072,4331217.31,762.262,NO,0.0
PD-217-0,658275.07,4330665.375,778.547,NO,0.0
PD-217-1,658281.077,4330665.371,778.537,NO,0.0
PD-218-0,658231.738,4332823.735,742.217,NO,0.0
PD-218-1,658237.748,4332823.757,742.211,NO,0.0
PD-219-0,658231.795,4332898.673,744.33,NO,0.0
PD-219-1,658237.812,4332898.597,744.294,NO,0.0
PD-22-0,657975.13,4330272.572,789.679,NO,0.0
PD-22-1,657981.117,4330272.505,789.714,NO,0.0
PD-220-0,658275.088,4330755.889,776.933,NO,0.0
PD-220-1,658281.11,4330755.849,776.976,NO,0.0
PD-221-0,658275.125,4330849.464,774.866,NO,0.0
PD-221-1,658281.121,4330849.419,774.891,NO,0.0
PD-222-0,658275.077,4330929.144,772.349,NO,0.0
PD-222-1,658281.108,4330929.117,772.181,NO,0.0
PD-223-0,658287.157,4330339.117,786.041,NO,0.0
PD-223-1,658293.182,4330339.119,785.878,NO,0.0
PD-224-0,658249.99,4332188.482,738.381,NO,0.0
PD-224-1,658255.993,4332188.482,738.301,NO,0.0
PD-225-0,658249.958,4332263.421,736.635,NO,0.0
PD-225-1,658255.972,4332263.418,736.568,NO,0.0
PD-226-0,658275.082,4331029.985,769.974,NO,0.0
PD-226-1,658281.074,4331029.974,769.86,NO,0.0
PD-227-0,658275.09,4331086.524,768.278,NO,0.0
PD-227-1,658281.084,4331086.442,768.181,NO,0.0
PD-228-0,658249.988,4332338.311,734.451,NO,0.0
PD-228-1,658255.954,4332338.357,734.279,NO,0.0
PD-229-0,658243.731,4332674.468,737.764,NO,0.0
PD-229-1,658249.742,4332674.431,737.78,NO,0.0
PD-23-0,657975.154,4330361.521,785.231,NO,0.0
PD-23-1,657981.154,4330361.502,785.211,NO,0.0
PD-230-0,658275.067,4331160.822,765.069,NO,0.0
PD-230-1,658281.107,4331160.851,765.178,NO,0.0
PD-231-0,658243.78,4332739.603,739.805,NO,0.0
PD-231-1,658249.779,4332739.555,739.819,NO,0.0
PD-232-0,658243.765,4332805.319,741.658,NO,0.0
PD-232-1,658249.751,4332805.268,741.709,NO,0.0
PD-233-0,658287.072,4330665.393,778.445,NO,0.0
PD-233-1,658293.065,4330665.407,778.408,NO,0.0
PD-234-0,658287.063,4330724.053,777.408,NO,0.0
PD-234-1,658293.077,4330724.013,777.447,NO,0.0
PD-235-0,658243.771,4332880.232,743.761,NO,0.0
PD-235-1,658249.773,4332880.172,743.739,NO,0.0
PD-236-0,658287.111,4330846.399,774.899,NO,0.0
PD-236-1,658293.105,4330846.41,774.883,NO,0.0
PD-237-0,658287.102,4330926.122,772.169,NO,0.0
PD-237-1,658293.132,4330926.087,772.108,NO,0.0
PD-238-0,658299.14,4330348.388,785.238,NO,0.0
PD-238-1,658305.144,4330348.344,785.063,NO,0.0
PD-239-0,658262.02,4332188.487,738.231,NO,0.0
PD-239-1,658268.035,4332188.454,738.169,NO,0.0
PD-24-0,657976.115,4330517.609,783.64,NO,0.0
PD-24-1,657982.118,4330517.546,783.608,NO,0.0
PD-240-0,658262.054,4332263.425,736.565,NO,0.0
PD-240-1,658268.067,4332263.377,736.524,NO,0.0
PD-241-0,658287.114,4331029.991,769.726,NO,0.0
PD-241-1,658293.15,4331030.0,769.644,NO,0.0
PD-242-0,658287.076,4331086.464,768.136,NO,0.0
PD-242-1,658293.139,4331086.438,767.977,NO,0.0
PD-243-0,658262.035,4332338.374,734.278,NO,0.0
PD-243-1,658268.025,4332338.353,734.209,NO,0.0
PD-244-0,658255.831,4332674.445,737.763,NO,0.0
PD-244-1,658261.817,4332674.452,737.696,NO,0.0
PD-245-0,658287.116,4331160.849,765.225,NO,0.0
PD-245-1,658293.108,4331160.794,765.265,NO,0.0
PD-246-0,658255.766,4332739.583,739.827,NO,0.0
PD-246-1,658261.754,4332739.588,739.667,NO,0.0
PD-247-0,658283.334,4331407.065,755.159,NO,0.0
PD-247-1,658289.342,4331407.06,755.026,NO,0.0
PD-248-0,658299.095,4330650.198,778.444,NO,0.0
PD-248-1,658305.059,4330650.158,778.401,NO,0.0
PD-249-0,658255.752,4332805.29,741.729,NO,0.0
PD-249-1,658261.764,4332805.273,741.598,NO,0.0
PD-25-0,657987.118,4330263.341,790.252,NO,0.0
PD-25-1,657993.122,4330263.293,790.33,NO,0.0
PD-250-0,658299.062,4330720.753,777.415,NO,0.0
PD-250-1,658305.074,4330720.768,777.423,NO,0.0
PD-251-0,658255.823,4332880.208,743.792,NO,0.0
PD-251-1,658261.828,4332880.149,743.688,NO,0.0
PD-252-0,658299.13,4330834.224,775.094,NO,0.0
PD-252-1,658305.128,4330834.164,775.034,NO,0.0
PD-253-0,658299.134,4330923.135,772.103,NO,0.0
PD-253-1,658305.128,4330923.18,772.135,NO,0.0
PD-254-0,658311.155,4330348.356,784.872,NO,0.0
PD-254-1,658317.171,4330348.308,784.705,NO,0.0
PD-255-0,658274.064,4332188.475,738.069,NO,0.0
PD-255-1,658280.035,4332188.519,737.876,NO,0.0
PD-256-0,658274.048,4332263.402,736.385,NO,0.0
PD-256-1,658280.07,4332263.512,736.333,NO,0.0
PD-257-0,658299.113,4331030.034,769.504,NO,0.0
PD-257-1,658305.13,4331030.009,769.288,NO,0.0
PD-258-0,658267.744,4332607.463,735.277,NO,0.0
PD-258-1,658273.767,4332607.452,735.366,NO,0.0
PD-259-0,658299.08,4331086.49,767.858,NO,0.0
PD-259-1,658305.116,4331086.48,767.748,NO,0.0
PD-26-0,657999.106,4330225.263,792.495,NO,0.0
PD-26-1,658005.11,4330225.271,792.582,NO,0.0
PD-260-0,658274.046,4332338.383,733.994,NO,0.0
PD-260-1,658279.973,4332338.319,733.93,NO,0.0
PD-261-0,658267.745,4332663.995,737.348,NO,0.0
PD-261-1,658273.755,4332663.894,737.324,NO,0.0
PD-262-0,658299.078,4331151.608,765.602,NO,0.0
PD-262-1,658305.044,4331151.628,765.58,NO,0.0
PD-263-0,658295.324,4331350.612,756.279,NO,0.0
PD-263-1,658301.324,4331350.678,756.264,NO,0.0
PD-264-0,658267.796,4332748.817,739.834,NO,0.0
PD-264-1,658273.833,4332748.775,739.756,NO,0.0
PD-265-0,658295.33,4331416.35,754.734,NO,0.0
PD-265-1,658301.322,4331416.29,754.702,NO,0.0
PD-266-0,658311.08,4330650.186,778.351,NO,0.0
PD-266-1,658317.056,4330650.166,778.284,NO,0.0
PD-267-0,658267.812,4332823.781,741.967,NO,0.0
PD-267-1,658273.809,4332823.713,741.783,NO,0.0
PD-268-0,658311.084,4330717.424,777.493,NO,0.0
PD-268-1,658317.084,4330717.439,777.497,NO,0.0
PD-269-0,658311.11,4330831.228,775.014,NO,0.0
PD-269-1,658317.114,4330831.177,774.945,NO,0.0
PD-27-0,657999.107,4330272.522,789.828,NO,0.0
PD-27-1,658005.084,4330272.529,789.938,NO,0.0
PD-270-0,658311.123,4330920.187,772.205,NO,0.0
PD-270-1,658317.118,4330920.124,772.186,NO,0.0
PD-271-0,658323.184,4330348.317,784.477,NO,0.0
PD-271-1,658329.196,4330348.305,784.373,NO,0.0
PD-272-0,658311.071,4331030.004,769.187,NO,0.0
PD-272-1,658317.09,4331029.957,768.981,NO,0.0
PD-273-0,658279.778,4332607.446,735.524,NO,0.0
PD-273-1,658285.773,4332607.437,735.518,NO,0.0
PD-274-0,658311.072,4331086.51,767.701,NO,0.0
PD-274-1,658317.118,4331086.498,767.575,NO,0.0
PD-275-0,658279.767,4332663.966,737.402,NO,0.0
PD-275-1,658285.748,4332663.932,737.324,NO,0.0
PD-276-0,658307.333,4331332.217,756.948,NO,0.0
PD-276-1,658313.373,4331332.127,757.001,NO,0.0
PD-277-0,658279.796,4332748.878,739.733,NO,0.0
PD-277-1,658285.796,4332748.815,739.781,NO,0.0
PD-278-0,658307.315,4331407.067,754.956,NO,0.0
PD-278-1,658313.328,4331407.079,754.893,NO,0.0
PD-279-0,658323.075,4330650.194,778.168,NO,0.0
PD-279-1,658329.079,4330650.186,778.073,NO,0.0
PD-28-0,657996.927,4330565.825,782.451,NO,0.0
PD-28-1,658002.911,4330565.816,782.479,NO,0.0
PD-280-0,658279.805,4332823.741,741.728,NO,0.0
PD-280-1,658285.829,4332823.718,741.648,NO,0.0
PD-281-0,658323.08,4330714.153,777.572,NO,0.0
PD-281-1,658329.083,4330714.113,777.608,NO,0.0
PD-282-0,658323.119,4330828.192,775.008,NO,0.0
PD-282-1,658329.13,4330828.179,774.983,NO,0.0
PD-283-0,658323.144,4330917.124,772.262,NO,0.0
PD-283-1,658329.162,4330917.118,772.257,NO,0.0
PD-284-0,658335.118,4330348.314,784.094,NO,0.0
PD-284-1,658341.149,4330348.333,783.961,NO,0.0
PD-285-0,658323.103,4331030.029,768.841,NO,0.0
PD-285-1,658329.1,4331029.991,768.719,NO,0.0
PD-286-0,658291.779,4332607.54,735.549,NO,0.0
PD-286-1,658297.762,4332607.44,735.63,NO,0.0
PD-287-0,658323.118,4331086.487,767.389,NO,0.0
PD-287-1,658329.124,4331086.459,767.323,NO,0.0
PD-288-0,658319.283,4331275.78,759.6,NO,0.0
PD-288-1,658325.315,4331275.715,759.639,NO,0.0
PD-289-0,658291.738,4332663.941,737.29,NO,0.0
PD-289-1,658297.742,4332663.963,737.281,NO,0.0
PD-29-0,658011.082,4330206.806,793.831,NO,0.0
PD-29-1,658017.11,4330206.875,793.958,NO,0.0
PD-290-0,658319.334,4331350.614,756.245,NO,0.0
PD-290-1,658325.353,4331350.645,756.262,NO,0.0
PD-291-0,658291.792,4332739.607,739.537,NO,0.0
PD-291-1,658297.801,4332739.595,739.469,NO,0.0
PD-292-0,658319.348,4331416.335,754.534,NO,0.0
PD-292-1,658325.351,4331416.323,754.508,NO,0.0
PD-293-0,658335.114,4330657.389,777.993,NO,0.0
PD-293-1,658341.11,4330657.327,777.871,NO,0.0
PD-294-0,658291.805,4332805.314,741.125,NO,0.0
PD-294-1,658297.806,4332805.277,740.951,NO,0.0
PD-295-0,658335.116,4330720.068,777.49,NO,0.0
PD-295-1,658341.149,4330720.059,777.43,NO,0.0
PD-296-0,658335.14,4330815.945,775.124,NO,0.0
PD-296-1,658341.138,4330815.969,775.034,NO,0.0
PD-297-0,658335.106,4330914.121,772.335,NO,0.0
PD-297-1,658341.11,4330914.156,772.327,NO,0.0
PD-298-0,658335.181,4331003.345,769.319,NO,0.0
PD-298-1,658341.113,4331003.348,769.308,NO,0.0
PD-299-0,658325.295,4331509.887,753.569,NO,0.0
PD-299-1,658331.293,4331509.923,753.518,NO,0.0
PD-3-0,657867.111,4330408.882,786.632,NO,0.0
PD-3-1,657873.093,4330408.812,786.534,NO,0.0
PD-30-0,658011.122,4330263.274,790.567,NO,0.0
PD-30-1,658017.151,4330263.319,790.663,NO,0.0
PD-300-0,658335.126,4331050.558,767.902,NO,0.0
PD-300-1,658341.129,4331050.586,767.689,NO,0.0
PD-301-0,658303.793,4332607.488,735.663,NO,0.0
PD-301-1,658309.803,4332607.449,735.631,NO,0.0
PD-302-0,658331.279,4331257.26,760.605,NO,0.0
PD-302-1,658337.291,4331257.209,760.619,NO,0.0
PD-303-0,658303.818,4332663.969,737.332,NO,0.0
PD-303-1,658309.816,4332663.927,737.269,NO,0.0
PD-304-0,658331.341,4331332.183,756.945,NO,0.0
PD-304-1,658337.335,4331332.192,756.898,NO,0.0
PD-305-0,658303.777,4332748.808,739.547,NO,0.0
PD-305-1,658309.795,4332748.777,739.526,NO,0.0
PD-306-0,658331.326,4331407.11,754.733,NO,0.0
PD-306-1,658337.4,4331407.098,754.653,NO,0.0
PD-307-0,658303.759,4332805.29,740.779,NO,0.0
PD-307-1,658309.792,4332805.213,740.657,NO,0.0
PD-308-0,658347.085,4330737.894,776.915,NO,0.0
PD-308-1,658353.108,4330737.93,776.895,NO,0.0
PD-309-0,658347.111,4330812.913,775.067,NO,0.0
PD-309-1,658353.134,4330812.822,774.955,NO,0.0
PD-31-0,658008.998,4330558.347,782.667,NO,0.0
PD-31-1,658014.985,4330558.326,782.669,NO,0.0
PD-310-0,658318.223,4332265.651,735.457,NO,0.0
PD-310-1,658324.196,4332265.581,735.386,NO,0.0
PD-311-0,658347.129,4330911.106,772.375,NO,0.0
PD-311-1,658353.157,4330911.096,772.408,NO,0.0
PD-312-0,658347.111,4331000.095,769.406,NO,0.0
PD-312-1,658353.132,4331000.075,769.401,NO,0.0
PD-313-0,658337.309,4331491.783,753.719,NO,0.0
PD-313-1,658343.331,4331491.794,753.623,NO,0.0
PD-314-0,658315.838,4332607.532,735.65,NO,0.0
PD-314-1,658321.811,4332607.486,735.657,NO,0.0
PD-315-0,658343.304,4331257.254,760.592,NO,0.0
PD-315-1,658349.277,4331257.231,760.553,NO,0.0
PD-316-0,658337.318,4331566.783,752.295,NO,0.0
PD-316-1,658343.312,4331566.742,752.273,NO,0.0
PD-317-0,658315.799,4332663.948,737.245,NO,0.0
PD-317-1,658321.819,4332663.929,737.277,NO,0.0
PD-318-0,658343.341,4331332.203,756.849,NO,0.0
PD-318-1,658349.357,4331332.241,756.824,NO,0.0
PD-319-0,658315.792,4332739.588,739.279,NO,0.0
PD-319-1,658321.764,4332739.57,739.201,NO,0.0
PD-32-0,658023.078,4330206.913,794.107,NO,0.0
PD-32-1,658029.095,4330206.84,794.27,NO,0.0
PD-320-0,658343.353,4331407.111,754.573,NO,0.0
PD-320-1,658349.353,4331407.069,754.512,NO,0.0
PD-321-0,658359.105,4330737.965,776.988,NO,0.0
PD-321-1,658365.123,4330737.937,776.886,NO,0.0
PD-322-0,658359.121,4330812.877,775.048,NO,0.0
PD-322-1,658365.124,4330812.883,775.015,NO,0.0
PD-323-0,658330.235,4332247.14,735.855,NO,0.0
PD-323-1,658336.252,4332247.096,735.716,NO,0.0
PD-324-0,658330.142,4332303.609,734.128,NO,0.0
PD-324-1,658336.185,4332303.575,734.124,NO,0.0
PD-325-0,658359.119,4330908.122,772.4,NO,0.0
PD-325-1,658365.136,4330908.077,772.362,NO,0.0
PD-326-0,658343.288,4331690.49,749.009,NO,0.0
PD-326-1,658349.302,4331690.439,749.041,NO,0.0
PD-327-0,658330.177,4332378.532,732.134,NO,0.0
PD-327-1,658336.144,4332378.489,732.12,NO,0.0
PD-328-0,658359.094,4330987.681,769.852,NO,0.0
PD-328-1,658365.134,4330987.691,769.917,NO,0.0
PD-329-0,658349.285,4331491.779,753.583,NO,0.0
PD-329-1,658355.308,4331491.762,753.483,NO,0.0
PD-33-0,658023.091,4330272.549,790.091,NO,0.0
PD-33-1,658029.091,4330272.548,790.177,NO,0.0
PD-330-0,658327.791,4332607.54,735.647,NO,0.0
PD-330-1,658333.789,4332607.509,735.657,NO,0.0
PD-331-0,658355.357,4331257.228,760.662,NO,0.0
PD-331-1,658361.353,4331257.24,760.648,NO,0.0
PD-332-0,658349.302,4331566.735,752.382,NO,0.0
PD-332-1,658355.339,4331566.724,752.43,NO,0.0
PD-333-0,658327.831,4332663.952,737.262,NO,0.0
PD-333-1,658333.806,4332663.915,737.27,NO,0.0
PD-334-0,658355.341,4331332.209,756.936,NO,0.0
PD-334-1,658361.378,4331332.197,756.861,NO,0.0
PD-335-0,658355.341,4331407.142,754.448,NO,0.0
PD-335-1,658361.329,4331407.069,754.32,NO,0.0
PD-336-0,658371.116,4330737.945,776.784,NO,0.0
PD-336-1,658377.103,4330737.88,776.794,NO,0.0
PD-337-0,658371.077,4330812.887,774.853,NO,0.0
PD-337-1,658377.084,4330812.896,774.829,NO,0.0
PD-338-0,658342.192,4332303.751,734.211,NO,0.0
PD-338-1,658348.201,4332303.704,734.144,NO,0.0
PD-339-0,658371.154,4330902.149,772.438,NO,0.0
PD-339-1,658377.09,4330902.143,772.423,NO,0.0
PD-34-0,658020.988,4330548.484,782.789,NO,0.0
PD-34-1,658026.981,4330548.429,782.727,NO,0.0
PD-340-0,658355.27,4331690.47,748.997,NO,0.0
PD-340-1,658361.287,4331690.399,748.904,NO,0.0
PD-341-0,658342.197,4332378.673,732.136,NO,0.0
PD-341-1,658348.174,4332378.581,732.308,NO,0.0
PD-342-0,658361.316,4331491.812,753.406,NO,0.0
PD-342-1,658367.303,4331491.788,753.321,NO,0.0
PD-343-0,658367.377,4331257.324,760.587,NO,0.0
PD-343-1,658373.376,4331257.27,760.545,NO,0.0
PD-344-0,658339.809,4332627.319,736.184,NO,0.0
PD-344-1,658345.802,4332627.296,736.131,NO,0.0
PD-345-0,658361.329,4331566.725,752.362,NO,0.0
PD-345-1,658367.349,4331566.682,752.255,NO,0.0
PD-346-0,658367.333,4331332.178,756.795,NO,0.0
PD-346-1,658373.353,4331332.18,756.795,NO,0.0
PD-347-0,658367.336,4331407.082,754.202,NO,0.0
PD-347-1,658373.339,4331407.079,754.132,NO,0.0
PD-348-0,658383.121,4330737.978,776.69,NO,0.0
PD-348-1,658389.135,4330737.992,776.619,NO,0.0
PD-349-0,658383.151,4330812.865,774.638,NO,0.0
PD-349-1,658389.117,4330812.915,774.62,NO,0.0
PD-35-0,658035.085,4330188.415,795.572,NO,0.0
PD-35-1,658041.103,4330188.343,795.735,NO,0.0
PD-350-0,658354.23,4332303.738,734.142,NO,0.0
PD-350-1,658360.239,4332303.706,734.076,NO,0.0
PD-351-0,658367.309,4331659.612,749.497,NO,0.0
PD-351-1,658373.317,4331659.571,749.441,NO,0.0
PD-352-0,658383.143,4330887.838,772.751,NO,0.0
PD-352-1,658389.137,4330887.859,772.696,NO,0.0
PD-353-0,658354.253,4332378.681,732.426,NO,0.0
PD-353-1,658360.225,4332378.662,732.434,NO,0.0
PD-354-0,658367.328,4331734.536,747.794,NO,0.0
PD-354-1,658373.319,4331734.483,747.669,NO,0.0
PD-355-0,658373.279,4331491.783,753.157,NO,0.0
PD-355-1,658379.315,4331491.768,752.977,NO,0.0
PD-356-0,658351.782,4332618.093,735.825,NO,0.0
PD-356-1,658357.785,4332618.06,735.807,NO,0.0
PD-357-0,658373.329,4331566.695,752.268,NO,0.0
PD-357-1,658379.342,4331566.648,752.185,NO,0.0
PD-358-0,658379.295,4331275.738,759.503,NO,0.0
PD-358-1,658385.304,4331275.733,759.437,NO,0.0
PD-359-0,658379.306,4331350.672,755.935,NO,0.0
PD-359-1,658385.324,4331350.631,755.9,NO,0.0
PD-36-0,658035.08,4330263.366,790.869,NO,0.0
PD-36-1,658041.075,4330263.304,790.937,NO,0.0
PD-360-0,658379.35,4331416.314,753.734,NO,0.0
PD-360-1,658385.349,4331416.317,753.673,NO,0.0
PD-361-0,658395.124,4330737.92,776.59,NO,0.0
PD-361-1,658401.142,4330737.971,776.529,NO,0.0
PD-362-0,658395.133,4330812.914,774.662,NO,0.0
PD-362-1,658401.13,4330812.924,774.639,NO,0.0
PD-363-0,658379.32,4331659.566,749.378,NO,0.0
PD-363-1,658385.331,4331659.586,749.317,NO,0.0
PD-364-0,658395.147,4330887.814,772.599,NO,0.0
PD-364-1,658401.141,4330887.755,772.553,NO,0.0
PD-365-0,658366.215,4332378.741,732.323,NO,0.0
PD-365-1,658372.219,4332378.698,732.312,NO,0.0
PD-366-0,658379.314,4331734.474,747.568,NO,0.0
PD-366-1,658385.303,4331734.464,747.426,NO,0.0
PD-367-0,658379.315,4331809.377,746.265,NO,0.0
PD-367-1,658385.315,4331809.451,746.186,NO,0.0
PD-368-0,658363.785,4332608.876,735.572,NO,0.0
PD-368-1,658369.802,4332608.863,735.569,NO,0.0
PD-369-0,658391.338,4331275.73,759.496,NO,0.0
PD-369-1,658397.354,4331275.702,759.501,NO,0.0
PD-37-0,658047.081,4330188.404,795.838,NO,0.0
PD-37-1,658053.093,4330188.423,795.918,NO,0.0
PD-370-0,658391.363,4331350.652,755.95,NO,0.0
PD-370-1,658397.374,4331350.608,755.872,NO,0.0
PD-371-0,658391.368,4331416.343,753.675,NO,0.0
PD-371-1,658397.343,4331416.314,753.596,NO,0.0
PD-372-0,658407.062,4330672.253,777.172,NO,0.0
PD-372-1,658413.08,4330672.246,777.158,NO,0.0
PD-373-0,658391.269,4331491.791,752.831,NO,0.0
PD-373-1,658397.3,4331491.771,752.868,NO,0.0
PD-374-0,658407.12,4330737.85,776.512,NO,0.0
PD-374-1,658413.111,4330737.947,776.45,NO,0.0
PD-375-0,658391.257,4331566.759,752.12,NO,0.0
PD-375-1,658397.292,4331566.714,751.976,NO,0.0
PD-376-0,658407.079,4330812.866,774.693,NO,0.0
PD-376-1,658413.084,4330812.865,774.613,NO,0.0
PD-377-0,658391.373,4331659.593,749.277,NO,0.0
PD-377-1,658397.39,4331659.54,749.258,NO,0.0
PD-378-0,658378.24,4332378.704,732.397,NO,0.0
PD-378-1,658384.244,4332378.704,732.471,NO,0.0
PD-379-0,658391.389,4331734.464,747.447,NO,0.0
PD-379-1,658397.363,4331734.45,747.458,NO,0.0
PD-38-0,658047.082,4330263.31,790.996,NO,0.0
PD-38-1,658053.096,4330263.307,791.058,NO,0.0
PD-380-0,658391.367,4331809.437,746.183,NO,0.0
PD-380-1,658397.353,4331809.419,746.072,NO,0.0
PD-381-0,658403.358,4331275.703,759.52,NO,0.0
PD-381-1,658409.359,4331275.743,759.518,NO,0.0
PD-382-0,658403.328,4331332.21,756.673,NO,0.0
PD-382-1,658409.348,4331332.183,756.663,NO,0.0
PD-383-0,658403.329,4331407.107,753.795,NO,0.0
PD-383-1,658409.333,4331407.113,753.752,NO,0.0
PD-384-0,658419.062,4330672.218,777.127,NO,0.0
PD-384-1,658425.084,4330672.241,777.068,NO,0.0
PD-385-0,658403.319,4331491.811,752.694,NO,0.0
PD-385-1,658409.313,4331491.787,752.521,NO,0.0
PD-386-0,658419.134,4330738.027,776.346,NO,0.0
PD-386-1,658425.134,4330737.965,776.233,NO,0.0
PD-387-0,658403.332,4331566.765,751.751,NO,0.0
PD-387-1,658409.339,4331566.749,751.646,NO,0.0
PD-388-0,658419.138,4330803.707,774.866,NO,0.0
PD-388-1,658425.159,4330803.688,774.821,NO,0.0
PD-389-0,658403.386,4331659.57,749.195,NO,0.0
PD-389-1,658409.378,4331659.573,749.179,NO,0.0
PD-39-0,658047.082,4330703.796,777.164,NO,0.0
PD-39-1,658053.072,4330703.764,777.58,NO,0.0
PD-390-0,658390.224,4332378.725,732.527,NO,0.0
PD-390-1,658396.23,4332378.689,732.641,NO,0.0
PD-391-0,658403.337,4331809.484,746.013,NO,0.0
PD-391-1,658409.336,4331809.473,745.968,NO,0.0
PD-392-0,658415.341,4331275.747,759.461,NO,0.0
PD-392-1,658421.364,4331275.656,759.446,NO,0.0
PD-393-0,658415.339,4331332.206,756.65,NO,0.0
PD-393-1,658421.38,4331332.169,756.61,NO,0.0
PD-394-0,658415.361,4331407.075,753.726,NO,0.0
PD-394-1,658421.395,4331407.11,753.621,NO,0.0
PD-395-0,658431.083,4330688.536,776.818,NO,0.0
PD-395-1,658437.082,4330688.509,776.738,NO,0.0
PD-396-0,658415.281,4331491.786,752.376,NO,0.0
PD-396-1,658421.308,4331491.763,752.362,NO,0.0
PD-397-0,658431.089,4330735.826,776.305,NO,0.0
PD-397-1,658437.134,4330735.765,776.231,NO,0.0
PD-398-0,658415.297,4331566.741,751.556,NO,0.0
PD-398-1,658421.301,4331566.751,751.572,NO,0.0
PD-399-0,658415.35,4331659.576,749.179,NO,0.0
PD-399-1,658421.347,4331659.53,749.099,NO,0.0
PD-4-0,657879.09,4330408.873,786.328,NO,0.0
PD-4-1,657885.09,4330408.858,786.239,NO,0.0
PD-40-0,658059.063,4330170.687,797.041,NO,0.0
PD-40-1,658065.076,4330170.719,797.124,NO,0.0
PD-400-0,658402.265,4332378.736,732.626,NO,0.0
PD-400-1,658408.244,4332378.686,732.594,NO,0.0
PD-401-0,658415.368,4331809.539,745.925,NO,0.0
PD-401-1,658421.367,4331809.445,745.892,NO,0.0
PD-402-0,658427.296,4331332.192,756.636,NO,0.0
PD-402-1,658433.299,4331332.19,756.618,NO,0.0
PD-403-0,658427.343,4331407.093,753.571,NO,0.0
PD-403-1,658433.343,4331407.063,753.566,NO,0.0
PD-404-0,658443.098,4330696.001,776.6,NO,0.0
PD-404-1,658449.109,4330696.012,776.558,NO,0.0
PD-405-0,658427.302,4331491.792,752.299,NO,0.0
PD-405-1,658433.305,4331491.786,752.172,NO,0.0
PD-406-0,658427.324,4331566.74,751.497,NO,0.0
PD-406-1,658433.334,4331566.711,751.297,NO,0.0
PD-407-0,658414.243,4332387.891,732.41,NO,0.0
PD-407-1,658420.231,4332387.947,732.327,NO,0.0
PD-408-0,658427.372,4331809.518,745.81,NO,0.0
PD-408-1,658433.38,4331809.49,745.748,NO,0.0
PD-409-0,658439.315,4331331.939,756.659,NO,0.0
PD-409-1,658445.308,4331331.956,756.613,NO,0.0
PD-41-0,658059.084,4330245.589,792.411,NO,0.0
PD-41-1,658065.083,4330245.621,792.423,NO,0.0
PD-410-0,658439.342,4331406.793,753.194,SI,-0.433
PD-410-1,658445.337,4331406.824,753.117,SI,-0.397
PD-411-0,658439.359,4331491.79,752.034,NO,0.0
PD-411-1,658445.373,4331491.786,751.857,NO,0.0
PD-412-0,658439.334,4331566.743,751.046,NO,0.0
PD-412-1,658445.333,4331566.728,750.934,NO,0.0
PD-413-0,658439.292,4331743.334,747.062,NO,0.0
PD-413-1,658445.298,4331743.262,746.996,NO,0.0
PD-414-0,658439.309,4331818.327,745.499,NO,0.0
PD-414-1,658445.323,4331818.26,745.519,NO,0.0
PD-415-0,658451.355,4331331.974,756.595,NO,0.0
PD-415-1,658457.367,4331331.911,756.518,NO,0.0
PD-416-0,658451.34,4331406.776,752.958,SI,-0.404
PD-416-1,658457.353,4331406.88,752.76,SI,-0.518
PD-417-0,658451.367,4331491.764,751.71,NO,0.0
PD-417-1,658457.372,4331491.777,751.572,NO,0.0
PD-418-0,658451.361,4331566.754,750.839,NO,0.0
PD-418-1,658457.35,4331566.67,750.632,NO,0.0
PD-419-0,658451.316,4331743.264,746.926,NO,0.0
PD-419-1,658457.317,4331743.228,746.805,NO,0.0
PD-42-0,658059.102,4330311.362,787.874,NO,0.0
PD-42-1,658065.082,4330311.343,787.842,NO,0.0
PD-420-0,658451.365,4331818.238,745.49,NO,0.0
PD-420-1,658457.364,4331818.192,745.391,NO,0.0
PD-421-0,658463.32,4331338.883,756.096,NO,0.0
PD-421-1,658469.316,4331338.805,756.051,NO,0.0
PD-422-0,658463.33,4331425.482,752.466,NO,0.0
PD-422-1,658469.346,4331425.51,752.221,NO,0.0
PD-423-0,658463.32,4331491.12,751.451,NO,0.0
PD-423-1,658469.353,4331491.084,751.229,NO,0.0
PD-424-0,658463.3,4331743.295,746.721,NO,0.0
PD-424-1,658469.299,4331743.283,746.659,NO,0.0
PD-425-0,658463.355,4331818.204,745.276,NO,0.0
PD-425-1,658469.366,4331818.199,745.206,NO,0.0
PD-426-0,658475.35,4331329.907,756.507,NO,0.0
PD-426-1,658481.347,4331329.87,756.453,NO,0.0
PD-427-0,658475.323,4331743.353,746.586,NO,0.0
PD-427-1,658481.338,4331743.289,746.524,NO,0.0
PD-428-0,659202.441,4331687.662,738.723,NO,0.0
PD-428-1,659208.458,4331687.67,738.464,NO,0.0
PD-429-0,659214.428,4331696.885,738.083,NO,0.0
PD-429-1,659220.456,4331696.85,737.859,NO,0.0
PD-43-0,658047.062,4331076.103,765.135,NO,0.0
PD-43-1,658053.063,4331076.11,765.171,NO,0.0
PD-430-0,659226.448,4331696.849,737.619,NO,0.0
PD-430-1,659232.453,4331696.867,737.351,NO,0.0
PD-431-0,659238.461,4331696.938,737.156,NO,0.0
PD-431-1,659244.498,4331696.901,736.904,NO,0.0
PD-432-0,659250.404,4331662.758,737.46,NO,0.0
PD-432-1,659256.455,4331662.7,737.265,NO,0.0
PD-433-0,659250.424,4331728.443,735.901,NO,0.0
PD-433-1,659256.443,4331728.459,735.695,NO,0.0
PD-434-0,659262.453,4331662.693,737.076,NO,0.0
PD-434-1,659268.448,4331662.715,736.86,NO,0.0
PD-435-0,659262.414,4331728.494,735.387,NO,0.0
PD-435-1,659268.422,4331728.422,735.215,NO,0.0
PD-436-0,659274.483,4331662.749,736.723,NO,0.0
PD-436-1,659280.47,4331662.725,736.533,NO,0.0
PD-437-0,659274.428,4331728.458,734.96,NO,0.0
PD-437-1,659280.424,4331728.437,734.741,NO,0.0
PD-438-0,659286.443,4331662.763,736.362,NO,0.0
PD-438-1,659292.436,4331662.716,736.204,NO,0.0
PD-439-0,659286.473,4331728.439,734.471,NO,0.0
PD-439-1,659292.485,4331728.422,734.251,NO,0.0
PD-44-0,658059.128,4330698.853,778.345,NO,0.0
PD-44-1,658065.142,4330698.823,778.621,NO,0.0
PD-440-0,659298.445,4331662.727,736.043,NO,0.0
PD-440-1,659304.401,4331662.758,735.926,NO,0.0
PD-441-0,659298.446,4331728.446,733.972,NO,0.0
PD-441-1,659304.402,4331728.434,733.779,NO,0.0
PD-442-0,659310.438,4331662.688,735.791,NO,0.0
PD-442-1,659316.445,4331662.718,735.625,NO,0.0
PD-443-0,659310.434,4331728.438,733.51,NO,0.0
PD-443-1,659316.444,4331728.449,733.375,NO,0.0
PD-444-0,659312.355,4331889.194,732.322,NO,0.0
PD-444-1,659318.365,4331889.189,732.171,NO,0.0
PD-445-0,659322.408,4331662.757,735.522,NO,0.0
PD-445-1,659328.412,4331662.737,735.414,NO,0.0
PD-446-0,659322.455,4331728.48,733.171,NO,0.0
PD-446-1,659328.464,4331728.451,732.987,NO,0.0
PD-447-0,659324.356,4331898.457,731.971,NO,0.0
PD-447-1,659330.377,4331898.433,731.917,NO,0.0
PD-448-0,659334.461,4331671.975,734.817,NO,0.0
PD-448-1,659340.429,4331672.02,734.647,NO,0.0
PD-449-0,659334.453,4331728.478,732.625,NO,0.0
PD-449-1,659340.436,4331728.431,732.449,NO,0.0
PD-45-0,658071.094,4330152.193,798.157,NO,0.0
PD-45-1,658077.085,4330152.206,798.246,NO,0.0
PD-450-0,659336.336,4331907.717,731.744,NO,0.0
PD-450-1,659342.307,4331907.643,731.588,NO,0.0
PD-451-0,659346.486,4331671.972,734.555,NO,0.0
PD-451-1,659352.459,4331671.972,734.375,NO,0.0
PD-452-0,659346.458,4331728.439,732.196,NO,0.0
PD-452-1,659352.451,4331728.422,731.974,NO,0.0
PD-453-0,659348.333,4331907.662,731.448,NO,0.0
PD-453-1,659354.336,4331907.627,731.293,NO,0.0
PD-454-0,659348.326,4331964.133,731.248,NO,0.0
PD-454-1,659354.304,4331964.172,731.107,NO,0.0
PD-455-0,659358.474,4331671.995,734.247,NO,0.0
PD-455-1,659364.471,4331671.953,734.083,NO,0.0
PD-456-0,659360.297,4331898.253,731.224,NO,0.0
PD-456-1,659366.306,4331898.459,731.078,NO,0.0
PD-457-0,659360.319,4331964.166,730.893,NO,0.0
PD-457-1,659366.336,4331964.183,730.872,NO,0.0
PD-458-0,659370.47,4331671.994,733.969,NO,0.0
PD-458-1,659376.483,4331671.935,733.876,NO,0.0
PD-459-0,659372.388,4331907.696,730.96,NO,0.0
PD-459-1,659378.381,4331907.652,730.865,NO,0.0
PD-46-0,658071.181,4330227.226,793.827,NO,0.0
PD-46-1,658077.117,4330227.196,793.846,NO,0.0
PD-460-0,659372.363,4331982.595,730.418,NO,0.0
PD-460-1,659378.387,4331982.571,730.318,NO,0.0
PD-461-0,659382.495,4331681.11,733.267,NO,0.0
PD-461-1,659388.499,4331681.121,733.14,NO,0.0
PD-462-0,659384.322,4331897.855,730.583,NO,0.0
PD-462-1,659390.34,4331897.874,730.451,NO,0.0
PD-463-0,659384.31,4331972.777,730.281,SI,-0.038
PD-463-1,659390.306,4331972.833,730.191,SI,-0.047
PD-464-0,659384.36,4332029.557,729.223,NO,0.0
PD-464-1,659390.367,4332029.538,729.036,NO,0.0
PD-465-0,659394.492,4331681.121,733.033,NO,0.0
PD-465-1,659400.48,4331681.109,732.877,NO,0.0
PD-466-0,659396.319,4331897.865,730.284,NO,0.0
PD-466-1,659402.329,4331897.873,730.089,NO,0.0
PD-467-0,659396.302,4331972.821,730.178,NO,0.0
PD-467-1,659402.304,4331972.827,730.076,NO,0.0
PD-468-0,659396.38,4332029.33,728.988,NO,0.0
PD-468-1,659402.388,4332029.332,728.873,NO,0.0
PD-469-0,659408.353,4331897.905,729.957,NO,0.0
PD-469-1,659414.337,4331897.878,729.867,NO,0.0
PD-47-0,658071.11,4330302.117,788.531,NO,0.0
PD-47-1,658077.068,4330302.052,788.608,NO,0.0
PD-470-0,659408.335,4331972.839,729.95,NO,0.0
PD-470-1,659414.341,4331972.822,729.904,NO,0.0
PD-471-0,659408.377,4332029.323,728.772,NO,0.0
PD-471-1,659414.397,4332029.301,728.664,NO,0.0
PD-472-0,659417.582,4331587.266,734.642,NO,0.0
PD-472-1,659423.573,4331587.254,734.262,NO,0.0
PD-473-0,659420.42,4331897.911,729.714,NO,0.0
PD-473-1,659426.441,4331897.865,729.566,NO,0.0
PD-474-0,659420.401,4331972.845,729.786,NO,0.0
PD-474-1,659426.384,4331972.844,729.594,NO,0.0
PD-475-0,659429.631,4331596.47,734.063,NO,0.0
PD-475-1,659435.59,4331596.468,733.645,NO,0.0
PD-476-0,659432.376,4331897.884,729.404,NO,0.0
PD-476-1,659438.402,4331897.842,729.306,NO,0.0
PD-477-0,659432.411,4331972.849,729.504,NO,0.0
PD-477-1,659438.39,4331972.797,729.37,NO,0.0
PD-478-0,659441.579,4331605.622,733.212,NO,0.0
PD-478-1,659447.583,4331605.632,732.861,NO,0.0
PD-479-0,659453.595,4331416.593,739.89,NO,0.0
PD-479-1,659459.609,4331416.455,739.87,NO,0.0
PD-48-0,658059.051,4331076.146,765.173,NO,0.0
PD-48-1,658065.049,4331076.08,765.193,NO,0.0
PD-480-0,659444.34,4331897.897,729.111,NO,0.0
PD-480-1,659450.347,4331897.869,728.96,NO,0.0
PD-481-0,659444.377,4331972.826,729.244,NO,0.0
PD-481-1,659450.375,4331972.822,729.057,NO,0.0
PD-482-0,659453.649,4331605.67,732.471,NO,0.0
PD-482-1,659459.624,4331605.673,732.173,NO,0.0
PD-483-0,659465.587,4331407.358,740.307,NO,0.0
PD-483-1,659471.615,4331407.295,740.315,NO,0.0
PD-484-0,659456.375,4331897.895,728.841,NO,0.0
PD-484-1,659462.388,4331897.853,728.654,NO,0.0
PD-485-0,659456.292,4331972.821,728.985,NO,0.0
PD-485-1,659462.283,4331972.809,728.845,NO,0.0
PD-486-0,659465.644,4331605.66,731.806,NO,0.0
PD-486-1,659471.624,4331605.64,731.435,NO,0.0
PD-487-0,659477.586,4331350.812,742.272,NO,0.0
PD-487-1,659483.603,4331350.833,742.227,NO,0.0
PD-488-0,659477.626,4331407.349,740.277,NO,0.0
PD-488-1,659483.598,4331407.348,740.204,NO,0.0
PD-489-0,659468.383,4331897.929,728.486,NO,0.0
PD-489-1,659474.377,4331897.877,728.344,NO,0.0
PD-49-0,658071.159,4330684.565,779.509,NO,0.0
PD-49-1,658077.155,4330684.549,779.687,NO,0.0
PD-490-0,659468.368,4331972.824,728.7,NO,0.0
PD-490-1,659474.367,4331972.813,728.562,NO,0.0
PD-491-0,659477.6,4331597.784,731.052,NO,0.0
PD-491-1,659483.596,4331597.724,730.751,NO,0.0
PD-492-0,659477.602,4331663.479,730.961,NO,0.0
PD-492-1,659483.575,4331663.474,730.767,NO,0.0
PD-493-0,659489.626,4331350.832,742.17,NO,0.0
PD-493-1,659495.63,4331350.782,742.04,NO,0.0
PD-494-0,659489.628,4331407.326,740.182,NO,0.0
PD-494-1,659495.624,4331407.275,740.151,NO,0.0
PD-495-0,659480.374,4331897.886,728.162,NO,0.0
PD-495-1,659486.39,4331897.872,728.015,NO,0.0
PD-496-0,659480.355,4331972.795,728.388,NO,0.0
PD-496-1,659486.359,4331972.821,728.263,NO,0.0
PD-497-0,659489.653,4331597.761,730.446,NO,0.0
PD-497-1,659495.651,4331597.806,730.268,NO,0.0
PD-498-0,659489.627,4331663.484,730.495,NO,0.0
PD-498-1,659495.628,4331663.504,730.241,NO,0.0
PD-499-0,659501.582,4331350.852,741.965,NO,0.0
PD-499-1,659507.579,4331350.819,741.89,NO,0.0
PD-5-0,657891.095,4330370.769,787.125,NO,0.0
PD-5-1,657897.079,4330370.714,786.84,NO,0.0
PD-50-0,658083.084,4330114.201,799.903,NO,0.0
PD-50-1,658089.076,4330114.174,799.815,NO,0.0
PD-500-0,659501.59,4331407.344,740.113,NO,0.0
PD-500-1,659507.605,4331407.315,740.104,NO,0.0
PD-501-0,659492.36,4331897.883,727.925,NO,0.0
PD-501-1,659498.377,4331897.921,727.738,NO,0.0
PD-502-0,659492.394,4331972.785,728.053,NO,0.0
PD-502-1,659498.376,4331972.759,727.897,NO,0.0
PD-503-0,659501.626,4331597.756,730.05,NO,0.0
PD-503-1,659507.587,4331597.724,729.866,NO,0.0
PD-504-0,659501.561,4331672.663,729.745,NO,0.0
PD-504-1,659507.563,4331672.648,729.487,NO,0.0
PD-505-0,659513.639,4331370.66,741.286,NO,0.0
PD-505-1,659519.645,4331370.638,741.226,NO,0.0
PD-506-0,659504.387,4331897.872,727.601,NO,0.0
PD-506-1,659510.389,4331897.862,727.477,NO,0.0
PD-507-0,659513.597,4331445.585,738.514,NO,0.0
PD-507-1,659519.622,4331445.591,738.558,NO,0.0
PD-508-0,659504.356,4331972.824,727.755,NO,0.0
PD-508-1,659510.367,4331972.839,727.609,NO,0.0
PD-509-0,659513.623,4331585.45,729.474,NO,0.0
PD-509-1,659519.592,4331585.39,729.417,NO,0.0
PD-51-0,658083.148,4330170.715,797.366,NO,0.0
PD-51-1,658089.149,4330170.708,797.421,NO,0.0
PD-510-0,659513.606,4331646.487,729.589,NO,0.0
PD-510-1,659519.583,4331646.452,729.243,NO,0.0
PD-511-0,659513.6,4331693.759,728.989,NO,0.0
PD-511-1,659519.583,4331693.705,728.679,NO,0.0
PD-512-0,659525.622,4331370.701,741.146,NO,0.0
PD-512-1,659531.624,4331370.662,741.083,NO,0.0
PD-513-0,659516.364,4331888.68,727.303,NO,0.0
PD-513-1,659522.375,4331888.619,727.17,NO,0.0
PD-514-0,659525.579,4331445.612,738.596,NO,0.0
PD-514-1,659531.59,4331445.655,738.587,NO,0.0
PD-515-0,659516.394,4331954.398,727.478,NO,0.0
PD-515-1,659522.405,4331954.335,727.37,NO,0.0
PD-516-0,659525.578,4331646.475,728.868,NO,0.0
PD-516-1,659531.577,4331646.454,728.544,NO,0.0
PD-517-0,659525.591,4331693.665,728.423,NO,0.0
PD-517-1,659531.558,4331693.708,728.243,NO,0.0
PD-518-0,659537.566,4331389.162,740.392,NO,0.0
PD-518-1,659543.556,4331389.105,740.366,NO,0.0
PD-519-0,659528.313,4331888.632,726.994,NO,0.0
PD-519-1,659534.326,4331888.651,726.834,NO,0.0
PD-52-0,658083.17,4330245.637,792.748,NO,0.0
PD-52-1,658089.15,4330245.6,792.851,NO,0.0
PD-520-0,659537.61,4331464.058,737.905,NO,0.0
PD-520-1,659543.572,4331464.036,737.928,NO,0.0
PD-521-0,659528.342,4331954.311,727.175,NO,0.0
PD-521-1,659534.34,4331954.341,727.021,NO,0.0
PD-522-0,659537.608,4331646.516,728.272,NO,0.0
PD-522-1,659543.594,4331646.475,727.991,NO,0.0
PD-523-0,659537.655,4331693.701,727.974,NO,0.0
PD-523-1,659543.63,4331693.658,727.774,NO,0.0
PD-524-0,659549.563,4331389.086,740.204,NO,0.0
PD-524-1,659555.557,4331389.112,740.06,NO,0.0
PD-525-0,659540.37,4331888.658,726.713,NO,0.0
PD-525-1,659546.372,4331888.64,726.576,NO,0.0
PD-526-0,659549.558,4331464.075,737.928,NO,0.0
PD-526-1,659555.53,4331464.047,737.835,NO,0.0
PD-527-0,659540.37,4331954.393,726.817,NO,0.0
PD-527-1,659546.39,4331954.302,726.656,NO,0.0
PD-528-0,659549.567,4331627.998,727.844,NO,0.0
PD-528-1,659555.558,4331628.025,727.717,NO,0.0
PD-529-0,659549.611,4331693.735,727.511,NO,0.0
PD-529-1,659555.628,4331693.702,727.277,NO,0.0
PD-53-0,658083.106,4330311.427,788.097,NO,0.0
PD-53-1,658089.082,4330311.285,788.213,NO,0.0
PD-530-0,659561.597,4331369.578,740.506,NO,0.0
PD-530-1,659567.596,4331369.533,740.425,NO,0.0
PD-531-0,659561.563,4331426.039,739.063,NO,0.0
PD-531-1,659567.571,4331426.037,738.981,NO,0.0
PD-532-0,659552.358,4331897.854,726.351,NO,0.0
PD-532-1,659558.359,4331897.879,726.243,NO,0.0
PD-533-0,659561.574,4331491.783,736.9,NO,0.0
PD-533-1,659567.629,4331491.794,736.851,NO,0.0
PD-534-0,659552.356,4331954.348,726.486,NO,0.0
PD-534-1,659558.36,4331954.378,726.411,NO,0.0
PD-535-0,659561.621,4331628.061,727.478,NO,0.0
PD-535-1,659567.616,4331628.019,727.414,NO,0.0
PD-536-0,659561.62,4331693.715,726.956,NO,0.0
PD-536-1,659567.634,4331693.683,726.705,NO,0.0
PD-537-0,659573.608,4331369.561,740.263,NO,0.0
PD-537-1,659579.611,4331369.526,740.169,NO,0.0
PD-538-0,659573.615,4331426.039,738.817,NO,0.0
PD-538-1,659579.61,4331426.01,738.727,NO,0.0
PD-539-0,659573.627,4331491.762,736.762,NO,0.0
PD-539-1,659579.622,4331491.762,736.712,NO,0.0
PD-54-0,658071.061,4331076.12,765.159,NO,0.0
PD-54-1,658077.069,4331076.107,765.217,NO,0.0
PD-540-0,659573.627,4331628.052,727.38,NO,0.0
PD-540-1,659579.626,4331628.032,727.342,NO,0.0
PD-541-0,659573.633,4331693.721,726.497,NO,0.0
PD-541-1,659579.657,4331693.703,726.353,NO,0.0
PD-542-0,659585.605,4331377.079,739.914,NO,0.0
PD-542-1,659591.579,4331377.127,739.841,NO,0.0
PD-543-0,659585.568,4331433.645,738.402,NO,0.0
PD-543-1,659591.556,4331433.653,738.228,NO,0.0
PD-544-0,659585.583,4331499.316,736.42,NO,0.0
PD-544-1,659591.566,4331499.325,736.321,NO,0.0
PD-545-0,659585.639,4331627.932,726.914,SI,-0.339
PD-545-1,659591.643,4331628.08,726.857,SI,-0.459
PD-546-0,659597.603,4331377.137,739.756,NO,0.0
PD-546-1,659603.627,4331377.157,739.674,NO,0.0
PD-547-0,659597.603,4331433.612,738.088,NO,0.0
PD-547-1,659603.605,4331433.643,737.973,NO,0.0
PD-548-0,659597.615,4331499.318,736.266,NO,0.0
PD-548-1,659603.625,4331499.242,736.22,NO,0.0
PD-549-0,659609.618,4331377.108,739.621,NO,0.0
PD-549-1,659615.597,4331377.082,739.504,NO,0.0
PD-55-0,658083.125,4330679.581,779.861,NO,0.0
PD-55-1,658089.113,4330679.518,779.931,NO,0.0
PD-550-0,659609.66,4331433.63,737.976,NO,0.0
PD-550-1,659615.592,4331433.618,737.832,NO,0.0
PD-551-0,659609.601,4331499.359,736.186,NO,0.0
PD-551-1,659615.59,4331499.286,736.1,NO,0.0
PD-552-0,659609.589,4331607.526,727.733,SI,-0.623
PD-552-1,659615.617,4331607.63,727.718,SI,-0.678
PD-553-0,659621.613,4331415.144,738.221,NO,0.0
PD-553-1,659627.626,4331415.15,738.069,NO,0.0
PD-554-0,659621.628,4331490.156,736.199,NO,0.0
PD-554-1,659627.632,4331490.103,736.069,NO,0.0
PD-555-0,659621.635,4331607.417,727.749,SI,-0.744
PD-555-1,659627.629,4331607.494,727.738,SI,-0.758
PD-556-0,659633.553,4331415.161,737.928,NO,0.0
PD-556-1,659639.555,4331415.133,737.8,NO,0.0
PD-557-0,659633.58,4331490.065,735.888,NO,0.0
PD-557-1,659639.611,4331490.089,735.803,NO,0.0
PD-558-0,659633.608,4331607.365,727.808,SI,-0.633
PD-558-1,659639.613,4331607.529,727.735,SI,-0.654
PD-559-0,659645.636,4331415.195,737.673,NO,0.0
PD-559-1,659651.647,4331415.151,737.548,NO,0.0
PD-56-0,658095.114,4330114.208,799.718,NO,0.0
PD-56-1,658101.105,4330114.132,799.657,NO,0.0
PD-560-0,659645.627,4331490.103,735.586,NO,0.0
PD-560-1,659651.654,4331490.076,735.461,NO,0.0
PD-561-0,659645.623,4331607.524,727.753,SI,-0.561
PD-561-1,659651.644,4331607.644,727.779,SI,-0.473
PD-562-0,659657.642,4331415.161,737.399,NO,0.0
PD-562-1,659663.635,4331415.135,737.254,NO,0.0
PD-563-0,659657.607,4331480.923,735.582,NO,0.0
PD-563-1,659663.632,4331480.951,735.38,NO,0.0
PD-564-0,659657.61,4331607.592,728.147,NO,0.0
PD-564-1,659663.599,4331607.555,728.066,NO,0.0
PD-565-0,659657.573,4331694.822,724.656,NO,0.0
PD-565-1,659663.597,4331694.794,724.592,NO,0.0
PD-566-0,659669.646,4331410.855,737.215,NO,0.0
PD-566-1,659675.645,4331410.82,737.134,NO,0.0
PD-567-0,659669.632,4331490.14,734.842,NO,0.0
PD-567-1,659675.619,4331490.047,734.542,NO,0.0
PD-568-0,659669.618,4331607.589,728.083,NO,0.0
PD-568-1,659675.63,4331607.561,728.081,NO,0.0
PD-569-0,659669.625,4331692.815,724.604,NO,0.0
PD-569-1,659675.626,4331692.797,724.476,NO,0.0
PD-57-0,658095.131,4330170.652,797.409,NO,0.0
PD-57-1,658101.148,4330170.663,797.422,NO,0.0
PD-570-0,659681.661,4331410.85,736.997,NO,0.0
PD-570-1,659687.653,4331410.82,736.912,NO,0.0
PD-571-0,659681.623,4331490.133,734.273,NO,0.0
PD-571-1,659687.635,4331490.147,734.017,NO,0.0
PD-572-0,659681.624,4331607.596,728.051,NO,0.0
PD-572-1,659687.614,4331607.579,728.054,NO,0.0
PD-573-0,659681.629,4331690.825,724.449,NO,0.0
PD-573-1,659687.634,4331690.78,724.41,NO,0.0
PD-574-0,659693.639,4331499.277,733.564,NO,0.0
PD-574-1,659699.638,4331499.323,733.29,NO,0.0
PD-575-0,659693.64,4331607.609,727.99,NO,0.0
PD-575-1,659699.659,4331607.601,727.983,NO,0.0
PD-576-0,659693.645,4331688.815,724.476,NO,0.0
PD-576-1,659699.652,4331688.809,724.495,NO,0.0
PD-577-0,659705.607,4331499.317,732.957,NO,0.0
PD-577-1,659711.606,4331499.32,732.656,NO,0.0
PD-578-0,659705.636,4331607.615,727.873,NO,0.0
PD-578-1,659711.643,4331607.577,727.809,NO,0.0
PD-579-0,659705.61,4331686.829,724.731,NO,0.0
PD-579-1,659711.644,4331686.815,724.882,NO,0.0
PD-58-0,658095.116,4330245.645,792.901,NO,0.0
PD-58-1,658101.127,4330245.627,792.996,NO,0.0
PD-580-0,659717.639,4331499.272,732.43,NO,0.0
PD-580-1,659723.647,4331499.292,732.202,NO,0.0
PD-581-0,659717.569,4331585.005,728.712,NO,0.0
PD-581-1,659723.564,4331584.996,728.608,NO,0.0
PD-582-0,659717.557,4331650.676,726.12,NO,0.0
PD-582-1,659723.582,4331650.696,726.172,NO,0.0
PD-583-0,659729.636,4331499.346,731.89,NO,0.0
PD-583-1,659735.63,4331499.315,731.6,NO,0.0
PD-584-0,659729.566,4331585.006,728.445,NO,0.0
PD-584-1,659735.583,4331584.979,728.319,NO,0.0
PD-585-0,659729.558,4331650.7,726.202,NO,0.0
PD-585-1,659735.596,4331650.708,726.139,NO,0.0
PD-586-0,659741.62,4331508.486,730.769,NO,0.0
PD-586-1,659747.637,4331508.534,730.604,NO,0.0
PD-587-0,659741.624,4331584.977,728.184,NO,0.0
PD-587-1,659747.608,4331584.986,728.049,NO,0.0
PD-588-0,659741.617,4331650.657,726.087,NO,0.0
PD-588-1,659747.64,4331650.672,726.047,NO,0.0
PD-589-0,659753.566,4331584.965,727.952,NO,0.0
PD-589-1,659759.564,4331584.983,727.847,NO,0.0
PD-59-0,658095.108,4330311.375,788.287,NO,0.0
PD-59-1,658101.091,4330311.345,788.395,NO,0.0
PD-590-0,659753.582,4331650.661,725.974,NO,0.0
PD-590-1,659759.579,4331650.626,725.915,NO,0.0
PD-591-0,659765.623,4331584.971,727.618,NO,0.0
PD-591-1,659771.598,4331584.982,727.531,NO,0.0
PD-592-0,659765.612,4331650.698,725.857,NO,0.0
PD-592-1,659771.605,4331650.641,725.816,NO,0.0
PD-593-0,659777.63,4331585.016,727.396,NO,0.0
PD-593-1,659783.637,4331584.978,727.221,NO,0.0
PD-594-0,659777.637,4331650.688,725.674,NO,0.0
PD-594-1,659783.62,4331650.681,725.532,NO,0.0
PD-595-0,659789.602,4331594.134,726.799,NO,0.0
PD-595-1,659795.595,4331594.127,726.602,NO,0.0
PD-596-0,659789.631,4331650.689,725.319,NO,0.0
PD-596-1,659795.632,4331650.647,725.212,NO,0.0
PD-597-0,659801.642,4331647.762,725.13,NO,0.0
PD-597-1,659807.674,4331647.749,724.906,NO,0.0
PD-598-0,659813.64,4331656.93,724.461,NO,0.0
PD-598-1,659819.642,4331656.947,724.279,NO,0.0
PD-6-0,657891.095,4330427.178,785.656,NO,0.0
PD-6-1,657897.083,4330427.157,785.578,NO,0.0
PD-60-0,658083.074,4331085.357,764.832,NO,0.0
PD-60-1,658089.083,4331085.344,764.843,NO,0.0
PD-61-0,658095.09,4330674.542,780.006,NO,0.0
PD-61-1,658101.106,4330674.61,780.0,NO,0.0
PD-62-0,658107.13,4330152.213,798.221,NO,0.0
PD-62-1,658113.127,4330152.182,798.072,NO,0.0
PD-63-0,658107.144,4330227.185,794.287,NO,0.0
PD-63-1,658113.145,4330227.197,794.359,NO,0.0
PD-64-0,658107.105,4330302.151,789.3,NO,0.0
PD-64-1,658113.083,4330302.155,789.418,NO,0.0
PD-65-0,658095.052,4331085.359,764.892,NO,0.0
PD-65-1,658100.997,4331085.391,764.66,NO,0.0
PD-66-0,658107.083,4330690.042,779.712,NO,0.0
PD-66-1,658113.098,4330689.975,779.636,NO,0.0
PD-67-0,658119.132,4330139.822,798.435,NO,0.0
PD-67-1,658125.157,4330139.834,798.224,NO,0.0
PD-68-0,658119.132,4330196.291,795.946,NO,0.0
PD-68-1,658125.121,4330196.29,795.876,NO,0.0
PD-69-0,658119.153,4330271.23,791.442,NO,0.0
PD-69-1,658125.12,4330271.222,791.513,NO,0.0
PD-7-0,657903.151,4330361.47,786.876,NO,0.0
PD-7-1,657909.097,4330361.509,786.628,NO,0.0
PD-70-0,658119.087,4330336.918,786.875,NO,0.0
PD-70-1,658125.117,4330336.908,786.911,NO,0.0
PD-71-0,658114.995,4330596.679,781.14,NO,0.0
PD-71-1,658120.97,4330596.668,781.006,NO,0.0
PD-72-0,658107.042,4331085.366,765.013,NO,0.0
PD-72-1,658113.056,4331085.304,765.105,NO,0.0
PD-73-0,658119.077,4330687.025,779.674,NO,0.0
PD-73-1,658125.131,4330687.014,779.606,NO,0.0
PD-74-0,658131.17,4330177.797,796.712,NO,0.0
PD-74-1,658137.125,4330177.794,796.582,NO,0.0
PD-75-0,658131.186,4330252.82,792.737,NO,0.0
PD-75-1,658137.137,4330252.712,792.795,NO,0.0
PD-76-0,658131.13,4330327.708,787.556,NO,0.0
PD-76-1,658137.123,4330327.702,787.647,NO,0.0
PD-77-0,658126.989,4330592.656,781.08,NO,0.0
PD-77-1,658132.992,4330592.626,781.005,NO,0.0
PD-78-0,658119.113,4331085.42,765.286,NO,0.0
PD-78-1,658125.101,4331085.534,765.48,NO,0.0
PD-79-0,658131.069,4330684.068,779.603,NO,0.0
PD-79-1,658137.088,4330684.053,779.542,NO,0.0
PD-8-0,657903.127,4330427.087,785.331,NO,0.0
PD-8-1,657909.083,4330427.184,785.347,NO,0.0
PD-80-0,658143.144,4330196.287,795.634,NO,0.0
PD-80-1,658149.137,4330196.287,795.553,NO,0.0
PD-81-0,658143.123,4330271.24,791.626,NO,0.0
PD-81-1,658149.13,4330271.211,791.791,NO,0.0
PD-82-0,658131.113,4330874.23,776.115,NO,0.0
PD-82-1,658137.116,4330874.237,776.045,NO,0.0
PD-83-0,658143.135,4330336.921,787.089,NO,0.0
PD-83-1,658149.138,4330336.945,787.193,NO,0.0
PD-84-0,658138.98,4330597.917,780.82,NO,0.0
PD-84-1,658144.99,4330597.872,780.777,NO,0.0
PD-85-0,658131.089,4331085.338,765.567,NO,0.0
PD-85-1,658137.096,4331085.294,765.78,NO,0.0
PD-86-0,658143.109,4330681.115,779.467,NO,0.0
PD-86-1,658149.107,4330681.047,779.409,NO,0.0
PD-87-0,658155.097,4330196.302,795.435,NO,0.0
PD-87-1,658161.126,4330196.283,795.254,NO,0.0
PD-88-0,658155.14,4330271.252,791.664,NO,0.0
PD-88-1,658161.143,4330271.215,791.652,NO,0.0
PD-89-0,658143.084,4330871.217,776.026,NO,0.0
PD-89-1,658149.074,4330871.158,775.972,NO,0.0
PD-9-0,657915.099,4330370.737,786.201,NO,0.0
PD-9-1,657921.11,4330370.74,786.007,NO,0.0
PD-90-0,658155.081,4330336.928,787.214,NO,0.0
PD-90-1,658161.136,4330336.918,787.218,NO,0.0
PD-91-0,658151.017,4330593.904,780.744,NO,0.0
PD-91-1,658157.027,4330593.931,780.688,NO,0.0
PD-92-0,658143.098,4331085.332,765.971,NO,0.0
PD-92-1,658149.086,4331085.323,766.167,NO,0.0
PD-93-0,658143.026,4331160.821,762.621,NO,0.0
PD-93-1,658149.059,4331160.784,762.815,NO,0.0
PD-94-0,658155.159,4330678.068,779.344,NO,0.0
PD-94-1,658161.158,4330678.027,779.242,NO,0.0
PD-95-0,658167.147,4330209.032,794.648,NO,0.0
PD-95-1,658173.152,4330209.033,794.511,NO,0.0
PD-96-0,658155.136,4330868.226,775.949,NO,0.0
PD-96-1,658161.124,4330868.211,775.851,NO,0.0
PD-97-0,658167.15,4330284.021,790.974,NO,0.0
PD-97-1,658173.198,4330284.004,790.845,NO,0.0
PD-98-0,658167.096,4330349.7,786.419,NO,0.0
PD-98-1,658173.134,4330349.718,786.427,NO,0.0
PD-99-0,658163.027,4330589.879,780.676,NO,0.0
PD-99-1,658168.996,4330589.797,780.564,NO,0.0
